s,obj_value,h_1_1,h_1_2,h_2_1,h_2_2,g_1_1_t[1],g_1_1_t[2],g_1_1_t[3],g_1_2_t[1],g_1_2_t[2],g_1_2_t[3],g_2_1_t[1],g_2_1_t[2],g_2_1_t[3],g_2_2_t[1],g_2_2_t[2],g_2_2_t[3],f_t [1],f_t[2],f_t[3],F
91,77.0,0.0,11.0,6.0,3.0,0.0,0.0,0.0,0.0,4.0,11.0,2.0,6.0,6.0,0.0,0.0,3.0,-1.0,-1.0,1.0,1.0
219,77.0,9.0,0.0,6.0,5.0,0.0,4.0,9.0,0.0,0.0,0.0,2.0,6.0,6.0,0.0,0.0,5.0,-1.0,-1.0,-1.0,1.0
271,77.0,6.0,5.0,0.0,9.0,2.0,6.0,6.0,0.0,0.0,5.0,0.0,0.0,0.0,0.0,4.0,9.0,1.0,1.0,1.0,1.0
303,77.0,6.0,5.0,9.0,0.0,2.0,6.0,6.0,0.0,0.0,5.0,0.0,4.0,9.0,0.0,0.0,0.0,1.0,1.0,1.0,1.0
335,77.0,6.0,5.0,0.0,9.0,2.0,6.0,6.0,0.0,0.0,5.0,0.0,0.0,0.0,0.0,4.0,9.0,1.0,1.0,1.0,1.0
347,77.0,0.0,11.0,6.0,3.0,0.0,0.0,0.0,0.0,4.0,11.0,2.0,6.0,6.0,0.0,0.0,3.0,-1.0,-1.0,1.0,1.0
367,82.0,10.0,5.0,0.0,5.0,2.0,10.0,10.0,0.0,0.0,5.0,0.0,0.0,0.0,0.0,0.0,5.0,1.0,5.0,5.0,5.0
368,87.0,6.0,5.0,0.0,9.0,2.0,6.0,6.0,0.0,0.0,5.0,0.0,0.0,0.0,0.0,4.0,9.0,1.0,1.0,1.0,1.0
475,82.0,0.0,5.0,10.0,5.0,0.0,0.0,0.0,0.0,0.0,5.0,2.0,10.0,10.0,0.0,0.0,5.0,-1.0,-5.0,-5.0,5.0
476,87.0,0.0,9.0,6.0,5.0,0.0,0.0,0.0,0.0,4.0,9.0,2.0,6.0,6.0,0.0,0.0,5.0,-1.0,-1.0,-1.0,1.0
s,obj_value,h_1_1,h_1_2,h_2_1,h_2_2,g_1_1_t[1],g_1_1_t[2],g_1_1_t[3],g_1_2_t[1],g_1_2_t[2],g_1_2_t[3],g_2_1_t[1],g_2_1_t[2],g_2_1_t[3],g_2_2_t[1],g_2_2_t[2],g_2_2_t[3],f_t [1],f_t[2],f_t[3],F
91,77.0,0.0,11.0,6.0,3.0,0.0,0.0,0.0,0.0,4.0,11.0,2.0,6.0,6.0,0.0,0.0,3.0,-1.0,-1.0,1.0,1.0
219,77.0,9.0,0.0,6.0,5.0,0.0,4.0,9.0,0.0,0.0,0.0,2.0,6.0,6.0,0.0,0.0,5.0,-1.0,-1.0,-1.0,1.0
271,77.0,6.0,5.0,0.0,9.0,2.0,6.0,6.0,0.0,0.0,5.0,0.0,0.0,0.0,0.0,4.0,9.0,1.0,1.0,1.0,1.0
303,77.0,6.0,5.0,9.0,0.0,2.0,6.0,6.0,0.0,0.0,5.0,0.0,4.0,9.0,0.0,0.0,0.0,1.0,1.0,1.0,1.0
335,77.0,6.0,5.0,0.0,9.0,2.0,6.0,6.0,0.0,0.0,5.0,0.0,0.0,0.0,0.0,4.0,9.0,1.0,1.0,1.0,1.0
347,77.0,0.0,11.0,6.0,3.0,0.0,0.0,0.0,0.0,4.0,11.0,2.0,6.0,6.0,0.0,0.0,3.0,-1.0,-1.0,1.0,1.0
367,82.0,10.0,5.0,0.0,5.0,2.0,10.0,10.0,0.0,0.0,5.0,0.0,0.0,0.0,0.0,0.0,5.0,1.0,5.0,5.0,5.0
368,87.0,6.0,5.0,0.0,9.0,2.0,6.0,6.0,0.0,0.0,5.0,0.0,0.0,0.0,0.0,4.0,9.0,1.0,1.0,1.0,1.0
475,82.0,0.0,5.0,10.0,5.0,0.0,0.0,0.0,0.0,0.0,5.0,2.0,10.0,10.0,0.0,0.0,5.0,-1.0,-5.0,-5.0,5.0
476,87.0,0.0,9.0,6.0,5.0,0.0,0.0,0.0,0.0,4.0,9.0,2.0,6.0,6.0,0.0,0.0,5.0,-1.0,-1.0,-1.0,1.0
s,obj_value,h_1_1,h_1_2,h_2_1,h_2_2,g_1_1_t[1],g_1_1_t[2],g_1_1_t[3],g_1_2_t[1],g_1_2_t[2],g_1_2_t[3],g_2_1_t[1],g_2_1_t[2],g_2_1_t[3],g_2_2_t[1],g_2_2_t[2],g_2_2_t[3],f_t [1],f_t[2],f_t[3],F
1,52.0,0.0,10.0,0.0,10.0,0.0,0.0,0.0,1.0,5.0,10.0,0.0,0.0,0.0,1.0,5.0,10.0,0.0,0.0,0.0,0.0
2,52.0,0.0,10.0,0.0,10.0,0.0,0.0,0.0,1.0,5.0,10.0,0.0,0.0,0.0,1.0,5.0,10.0,0.0,0.0,0.0,0.0
3,52.0,0.0,10.0,10.0,0.0,0.0,0.0,0.0,1.0,5.0,10.0,1.0,5.0,10.0,0.0,0.0,0.0,0.0,0.0,0.0,0.0
4,52.0,0.0,10.0,10.0,0.0,0.0,0.0,0.0,1.0,5.0,10.0,1.0,5.0,10.0,0.0,0.0,0.0,0.0,0.0,0.0,0.0
5,52.0,0.0,10.0,0.0,10.0,0.0,0.0,0.0,1.0,5.0,10.0,0.0,0.0,0.0,1.0,5.0,10.0,0.0,0.0,0.0,0.0
6,52.0,0.0,10.0,0.0,10.0,0.0,0.0,0.0,1.0,5.0,10.0,0.0,0.0,0.0,1.0,5.0,10.0,0.0,0.0,0.0,0.0
7,62.0,0.0,15.0,0.0,5.0,0.0,0.0,0.0,2.0,10.0,15.0,0.0,0.0,0.0,0.0,0.0,5.0,1.0,5.0,5.0,5.0
8,67.0,0.0,11.0,0.0,9.0,0.0,0.0,0.0,2.0,6.0,11.0,0.0,0.0,0.0,0.0,4.0,9.0,1.0,1.0,1.0,1.0
9,52.0,10.0,0.0,0.0,10.0,1.0,5.0,10.0,0.0,0.0,0.0,0.0,0.0,0.0,1.0,5.0,10.0,0.0,0.0,0.0,0.0
10,52.0,10.0,0.0,0.0,10.0,1.0,5.0,10.0,0.0,0.0,0.0,0.0,0.0,0.0,1.0,5.0,10.0,0.0,0.0,0.0,0.0
11,52.0,10.0,0.0,10.0,0.0,1.0,5.0,10.0,0.0,0.0,0.0,1.0,5.0,10.0,0.0,0.0,0.0,0.0,0.0,0.0,0.0
12,52.0,10.0,0.0,10.0,0.0,1.0,5.0,10.0,0.0,0.0,0.0,1.0,5.0,10.0,0.0,0.0,0.0,0.0,0.0,0.0,0.0
13,52.0,10.0,0.0,0.0,10.0,1.0,5.0,10.0,0.0,0.0,0.0,0.0,0.0,0.0,1.0,5.0,10.0,0.0,0.0,0.0,0.0
14,52.0,10.0,0.0,0.0,10.0,1.0,5.0,10.0,0.0,0.0,0.0,0.0,0.0,0.0,1.0,5.0,10.0,0.0,0.0,0.0,0.0
15,62.0,15.0,0.0,0.0,5.0,2.0,10.0,15.0,0.0,0.0,0.0,0.0,0.0,0.0,0.0,0.0,5.0,1.0,5.0,5.0,5.0
16,67.0,11.0,0.0,0.0,9.0,2.0,6.0,11.0,0.0,0.0,0.0,0.0,0.0,0.0,0.0,4.0,9.0,1.0,1.0,1.0,1.0
17,52.0,0.0,10.0,0.0,10.0,0.0,0.0,0.0,1.0,5.0,10.0,0.0,0.0,0.0,1.0,5.0,10.0,0.0,0.0,0.0,0.0
18,52.0,0.0,10.0,0.0,10.0,0.0,0.0,0.0,1.0,5.0,10.0,0.0,0.0,0.0,1.0,5.0,10.0,0.0,0.0,0.0,0.0
19,52.0,0.0,10.0,10.0,0.0,0.0,0.0,0.0,1.0,5.0,10.0,1.0,5.0,10.0,0.0,0.0,0.0,0.0,0.0,0.0,0.0
20,52.0,0.0,10.0,10.0,0.0,0.0,0.0,0.0,1.0,5.0,10.0,1.0,5.0,10.0,0.0,0.0,0.0,0.0,0.0,0.0,0.0
21,52.0,0.0,10.0,0.0,10.0,0.0,0.0,0.0,1.0,5.0,10.0,0.0,0.0,0.0,1.0,5.0,10.0,0.0,0.0,0.0,0.0
22,52.0,0.0,10.0,0.0,10.0,0.0,0.0,0.0,1.0,5.0,10.0,0.0,0.0,0.0,1.0,5.0,10.0,0.0,0.0,0.0,0.0
23,62.0,0.0,15.0,0.0,5.0,0.0,0.0,0.0,2.0,10.0,15.0,0.0,0.0,0.0,0.0,0.0,5.0,1.0,5.0,5.0,5.0
24,67.0,0.0,11.0,0.0,9.0,0.0,0.0,0.0,2.0,6.0,11.0,0.0,0.0,0.0,0.0,4.0,9.0,1.0,1.0,1.0,1.0
25,62.0,0.0,5.0,0.0,15.0,0.0,0.0,0.0,0.0,0.0,5.0,0.0,0.0,0.0,2.0,10.0,15.0,-1.0,-5.0,-5.0,5.0
26,67.0,0.0,9.0,0.0,11.0,0.0,0.0,0.0,0.0,4.0,9.0,0.0,0.0,0.0,2.0,6.0,11.0,-1.0,-1.0,-1.0,1.0
27,62.0,0.0,5.0,15.0,0.0,0.0,0.0,0.0,0.0,0.0,5.0,2.0,10.0,15.0,0.0,0.0,0.0,-1.0,-5.0,-5.0,5.0
28,67.0,0.0,9.0,11.0,0.0,0.0,0.0,0.0,0.0,4.0,9.0,2.0,6.0,11.0,0.0,0.0,0.0,-1.0,-1.0,-1.0,1.0
29,62.0,0.0,5.0,0.0,15.0,0.0,0.0,0.0,0.0,0.0,5.0,0.0,0.0,0.0,2.0,10.0,15.0,-1.0,-5.0,-5.0,5.0
30,67.0,0.0,9.0,0.0,11.0,0.0,0.0,0.0,0.0,4.0,9.0,0.0,0.0,0.0,2.0,6.0,11.0,-1.0,-1.0,-1.0,1.0
31,84.0,0.0,10.0,0.0,10.0,0.0,0.0,0.0,1.0,5.0,10.0,0.0,0.0,0.0,1.0,5.0,10.0,0.0,0.0,0.0,0.0
32,84.0,0.0,10.0,0.0,10.0,0.0,0.0,0.0,1.0,5.0,10.0,0.0,0.0,0.0,1.0,5.0,10.0,0.0,0.0,0.0,0.0
33,52.0,0.0,10.0,10.0,0.0,0.0,0.0,0.0,1.0,5.0,10.0,1.0,5.0,10.0,0.0,0.0,0.0,0.0,0.0,0.0,0.0
34,52.0,0.0,10.0,10.0,0.0,0.0,0.0,0.0,1.0,5.0,10.0,1.0,5.0,10.0,0.0,0.0,0.0,0.0,0.0,0.0,0.0
35,52.0,0.0,10.0,10.0,0.0,0.0,0.0,0.0,1.0,5.0,10.0,1.0,5.0,10.0,0.0,0.0,0.0,0.0,0.0,0.0,0.0
36,52.0,0.0,10.0,10.0,0.0,0.0,0.0,0.0,1.0,5.0,10.0,1.0,5.0,10.0,0.0,0.0,0.0,0.0,0.0,0.0,0.0
37,62.0,0.0,10.0,0.0,10.0,0.0,0.0,0.0,1.0,5.0,10.0,0.0,0.0,0.0,1.0,5.0,10.0,0.0,0.0,0.0,0.0
38,62.0,0.0,10.0,0.0,10.0,0.0,0.0,0.0,1.0,5.0,10.0,0.0,0.0,0.0,1.0,5.0,10.0,0.0,0.0,0.0,0.0
39,62.0,0.0,15.0,5.0,0.0,0.0,0.0,0.0,2.0,10.0,15.0,0.0,0.0,5.0,0.0,0.0,0.0,1.0,5.0,5.0,5.0
40,67.0,0.0,11.0,9.0,0.0,0.0,0.0,0.0,2.0,6.0,11.0,0.0,4.0,9.0,0.0,0.0,0.0,1.0,1.0,1.0,1.0
41,52.0,10.0,0.0,10.0,0.0,1.0,5.0,10.0,0.0,0.0,0.0,1.0,5.0,10.0,0.0,0.0,0.0,0.0,0.0,0.0,0.0
42,52.0,10.0,0.0,10.0,0.0,1.0,5.0,10.0,0.0,0.0,0.0,1.0,5.0,10.0,0.0,0.0,0.0,0.0,0.0,0.0,0.0
43,52.0,10.0,0.0,10.0,0.0,1.0,5.0,10.0,0.0,0.0,0.0,1.0,5.0,10.0,0.0,0.0,0.0,0.0,0.0,0.0,0.0
44,52.0,10.0,0.0,10.0,0.0,1.0,5.0,10.0,0.0,0.0,0.0,1.0,5.0,10.0,0.0,0.0,0.0,0.0,0.0,0.0,0.0
45,62.0,10.0,0.0,0.0,10.0,1.0,5.0,10.0,0.0,0.0,0.0,0.0,0.0,0.0,1.0,5.0,10.0,0.0,0.0,0.0,0.0
46,62.0,10.0,0.0,0.0,10.0,1.0,5.0,10.0,0.0,0.0,0.0,0.0,0.0,0.0,1.0,5.0,10.0,0.0,0.0,0.0,0.0
47,62.0,15.0,0.0,5.0,0.0,2.0,10.0,15.0,0.0,0.0,0.0,0.0,0.0,5.0,0.0,0.0,0.0,1.0,5.0,5.0,5.0
48,67.0,11.0,0.0,9.0,0.0,2.0,6.0,11.0,0.0,0.0,0.0,0.0,4.0,9.0,0.0,0.0,0.0,1.0,1.0,1.0,1.0
49,52.0,0.0,10.0,10.0,0.0,0.0,0.0,0.0,1.0,5.0,10.0,1.0,5.0,10.0,0.0,0.0,0.0,0.0,0.0,0.0,0.0
50,52.0,0.0,10.0,10.0,0.0,0.0,0.0,0.0,1.0,5.0,10.0,1.0,5.0,10.0,0.0,0.0,0.0,0.0,0.0,0.0,0.0
51,52.0,0.0,10.0,10.0,0.0,0.0,0.0,0.0,1.0,5.0,10.0,1.0,5.0,10.0,0.0,0.0,0.0,0.0,0.0,0.0,0.0
52,52.0,0.0,10.0,10.0,0.0,0.0,0.0,0.0,1.0,5.0,10.0,1.0,5.0,10.0,0.0,0.0,0.0,0.0,0.0,0.0,0.0
53,62.0,0.0,10.0,0.0,10.0,0.0,0.0,0.0,1.0,5.0,10.0,0.0,0.0,0.0,1.0,5.0,10.0,0.0,0.0,0.0,0.0
54,62.0,0.0,10.0,0.0,10.0,0.0,0.0,0.0,1.0,5.0,10.0,0.0,0.0,0.0,1.0,5.0,10.0,0.0,0.0,0.0,0.0
55,62.0,0.0,15.0,5.0,0.0,0.0,0.0,0.0,2.0,10.0,15.0,0.0,0.0,5.0,0.0,0.0,0.0,1.0,5.0,5.0,5.0
56,67.0,0.0,11.0,9.0,0.0,0.0,0.0,0.0,2.0,6.0,11.0,0.0,4.0,9.0,0.0,0.0,0.0,1.0,1.0,1.0,1.0
57,62.0,0.0,5.0,15.0,0.0,0.0,0.0,0.0,0.0,0.0,5.0,2.0,10.0,15.0,0.0,0.0,0.0,-1.0,-5.0,-5.0,5.0
58,67.0,0.0,9.0,11.0,0.0,0.0,0.0,0.0,0.0,4.0,9.0,2.0,6.0,11.0,0.0,0.0,0.0,-1.0,-1.0,-1.0,1.0
59,62.0,0.0,5.0,15.0,0.0,0.0,0.0,0.0,0.0,0.0,5.0,2.0,10.0,15.0,0.0,0.0,0.0,-1.0,-5.0,-5.0,5.0
60,67.0,0.0,9.0,11.0,0.0,0.0,0.0,0.0,0.0,4.0,9.0,2.0,6.0,11.0,0.0,0.0,0.0,-1.0,-1.0,-1.0,1.0
61,77.0,0.0,11.0,0.0,9.0,0.0,0.0,0.0,0.0,4.0,11.0,0.0,0.0,0.0,2.0,6.0,9.0,-1.0,-1.0,1.0,1.0
62,78.0,0.0,10.0,0.0,10.0,0.0,0.0,0.0,1.0,5.0,10.0,0.0,0.0,0.0,1.0,5.0,10.0,0.0,0.0,0.0,0.0
63,84.0,0.0,10.0,10.0,0.0,0.0,0.0,0.0,1.0,5.0,10.0,1.0,5.0,10.0,0.0,0.0,0.0,0.0,0.0,0.0,0.0
64,84.0,0.0,10.0,10.0,0.0,0.0,0.0,0.0,1.0,5.0,10.0,1.0,5.0,10.0,0.0,0.0,0.0,0.0,0.0,0.0,0.0
65,52.0,0.0,10.0,0.0,10.0,0.0,0.0,0.0,1.0,5.0,10.0,0.0,0.0,0.0,1.0,5.0,10.0,0.0,0.0,0.0,0.0
66,52.0,0.0,10.0,0.0,10.0,0.0,0.0,0.0,1.0,5.0,10.0,0.0,0.0,0.0,1.0,5.0,10.0,0.0,0.0,0.0,0.0
67,62.0,0.0,10.0,5.0,5.0,0.0,0.0,0.0,1.0,5.0,10.0,1.0,5.0,5.0,0.0,0.0,5.0,0.0,0.0,0.0,0.0
68,62.0,0.0,10.0,5.0,5.0,0.0,0.0,0.0,1.0,5.0,10.0,1.0,5.0,5.0,0.0,0.0,5.0,0.0,0.0,0.0,0.0
69,52.0,0.0,10.0,0.0,10.0,0.0,0.0,0.0,1.0,5.0,10.0,0.0,0.0,0.0,1.0,5.0,10.0,0.0,0.0,0.0,0.0
70,52.0,0.0,10.0,0.0,10.0,0.0,0.0,0.0,1.0,5.0,10.0,0.0,0.0,0.0,1.0,5.0,10.0,0.0,0.0,0.0,0.0
71,62.0,0.0,15.0,0.0,5.0,0.0,0.0,0.0,2.0,10.0,15.0,0.0,0.0,0.0,0.0,0.0,5.0,1.0,5.0,5.0,5.0
72,67.0,0.0,11.0,0.0,9.0,0.0,0.0,0.0,2.0,6.0,11.0,0.0,0.0,0.0,0.0,4.0,9.0,1.0,1.0,1.0,1.0
73,52.0,10.0,0.0,0.0,10.0,1.0,5.0,10.0,0.0,0.0,0.0,0.0,0.0,0.0,1.0,5.0,10.0,0.0,0.0,0.0,0.0
74,52.0,10.0,0.0,0.0,10.0,1.0,5.0,10.0,0.0,0.0,0.0,0.0,0.0,0.0,1.0,5.0,10.0,0.0,0.0,0.0,0.0
75,62.0,10.0,0.0,5.0,5.0,1.0,5.0,10.0,0.0,0.0,0.0,1.0,5.0,5.0,0.0,0.0,5.0,0.0,0.0,0.0,0.0
76,62.0,10.0,0.0,5.0,5.0,1.0,5.0,10.0,0.0,0.0,0.0,1.0,5.0,5.0,0.0,0.0,5.0,0.0,0.0,0.0,0.0
77,52.0,10.0,0.0,0.0,10.0,1.0,5.0,10.0,0.0,0.0,0.0,0.0,0.0,0.0,1.0,5.0,10.0,0.0,0.0,0.0,0.0
78,52.0,10.0,0.0,0.0,10.0,1.0,5.0,10.0,0.0,0.0,0.0,0.0,0.0,0.0,1.0,5.0,10.0,0.0,0.0,0.0,0.0
79,62.0,15.0,0.0,0.0,5.0,2.0,10.0,15.0,0.0,0.0,0.0,0.0,0.0,0.0,0.0,0.0,5.0,1.0,5.0,5.0,5.0
80,67.0,11.0,0.0,0.0,9.0,2.0,6.0,11.0,0.0,0.0,0.0,0.0,0.0,0.0,0.0,4.0,9.0,1.0,1.0,1.0,1.0
81,52.0,0.0,10.0,0.0,10.0,0.0,0.0,0.0,1.0,5.0,10.0,0.0,0.0,0.0,1.0,5.0,10.0,0.0,0.0,0.0,0.0
82,52.0,0.0,10.0,0.0,10.0,0.0,0.0,0.0,1.0,5.0,10.0,0.0,0.0,0.0,1.0,5.0,10.0,0.0,0.0,0.0,0.0
83,62.0,0.0,10.0,5.0,5.0,0.0,0.0,0.0,1.0,5.0,10.0,1.0,5.0,5.0,0.0,0.0,5.0,0.0,0.0,0.0,0.0
84,62.0,0.0,10.0,5.0,5.0,0.0,0.0,0.0,1.0,5.0,10.0,1.0,5.0,5.0,0.0,0.0,5.0,0.0,0.0,0.0,0.0
85,52.0,0.0,10.0,0.0,10.0,0.0,0.0,0.0,1.0,5.0,10.0,0.0,0.0,0.0,1.0,5.0,10.0,0.0,0.0,0.0,0.0
86,52.0,0.0,10.0,0.0,10.0,0.0,0.0,0.0,1.0,5.0,10.0,0.0,0.0,0.0,1.0,5.0,10.0,0.0,0.0,0.0,0.0
87,62.0,0.0,15.0,0.0,5.0,0.0,0.0,0.0,2.0,10.0,15.0,0.0,0.0,0.0,0.0,0.0,5.0,1.0,5.0,5.0,5.0
88,67.0,0.0,11.0,0.0,9.0,0.0,0.0,0.0,2.0,6.0,11.0,0.0,0.0,0.0,0.0,4.0,9.0,1.0,1.0,1.0,1.0
89,62.0,0.0,5.0,0.0,15.0,0.0,0.0,0.0,0.0,0.0,5.0,0.0,0.0,0.0,2.0,10.0,15.0,-1.0,-5.0,-5.0,5.0
90,67.0,0.0,9.0,0.0,11.0,0.0,0.0,0.0,0.0,4.0,9.0,0.0,0.0,0.0,2.0,6.0,11.0,-1.0,-1.0,-1.0,1.0
91,77.0,0.0,11.0,6.0,3.0,0.0,0.0,0.0,0.0,4.0,11.0,2.0,6.0,6.0,0.0,0.0,3.0,-1.0,-1.0,1.0,1.0
92,78.0,0.0,10.0,5.0,5.0,0.0,0.0,0.0,1.0,5.0,10.0,1.0,5.0,5.0,0.0,0.0,5.0,0.0,0.0,0.0,0.0
93,62.0,0.0,5.0,0.0,15.0,0.0,0.0,0.0,0.0,0.0,5.0,0.0,0.0,0.0,2.0,10.0,15.0,-1.0,-5.0,-5.0,5.0
94,67.0,0.0,9.0,0.0,11.0,0.0,0.0,0.0,0.0,4.0,9.0,0.0,0.0,0.0,2.0,6.0,11.0,-1.0,-1.0,-1.0,1.0
95,84.0,0.0,10.0,0.0,10.0,0.0,0.0,0.0,1.0,5.0,10.0,0.0,0.0,0.0,1.0,5.0,10.0,0.0,0.0,0.0,0.0
96,84.0,0.0,10.0,0.0,10.0,0.0,0.0,0.0,1.0,5.0,10.0,0.0,0.0,0.0,1.0,5.0,10.0,0.0,0.0,0.0,0.0
97,62.0,0.0,10.0,0.0,10.0,0.0,0.0,0.0,1.0,5.0,10.0,0.0,0.0,0.0,1.0,5.0,10.0,0.0,0.0,0.0,0.0
98,62.0,0.0,10.0,0.0,10.0,0.0,0.0,0.0,1.0,5.0,10.0,0.0,0.0,0.0,1.0,5.0,10.0,0.0,0.0,0.0,0.0
99,62.0,0.0,10.0,10.0,0.0,0.0,0.0,0.0,1.0,5.0,10.0,1.0,5.0,10.0,0.0,0.0,0.0,0.0,0.0,0.0,0.0
100,62.0,0.0,10.0,10.0,0.0,0.0,0.0,0.0,1.0,5.0,10.0,1.0,5.0,10.0,0.0,0.0,0.0,0.0,0.0,0.0,0.0
101,62.0,0.0,10.0,0.0,10.0,0.0,0.0,0.0,1.0,5.0,10.0,0.0,0.0,0.0,1.0,5.0,10.0,0.0,0.0,0.0,0.0
102,62.0,0.0,10.0,0.0,10.0,0.0,0.0,0.0,1.0,5.0,10.0,0.0,0.0,0.0,1.0,5.0,10.0,0.0,0.0,0.0,0.0
103,62.0,0.0,20.0,0.0,0.0,0.0,0.0,0.0,2.0,10.0,20.0,0.0,0.0,0.0,0.0,0.0,0.0,1.0,5.0,10.0,10.0
104,72.0,0.0,15.0,0.0,5.0,0.0,0.0,0.0,2.0,10.0,15.0,0.0,0.0,0.0,0.0,0.0,5.0,1.0,5.0,5.0,5.0
105,62.0,10.0,0.0,0.0,10.0,1.0,5.0,10.0,0.0,0.0,0.0,0.0,0.0,0.0,1.0,5.0,10.0,0.0,0.0,0.0,0.0
106,62.0,10.0,0.0,0.0,10.0,1.0,5.0,10.0,0.0,0.0,0.0,0.0,0.0,0.0,1.0,5.0,10.0,0.0,0.0,0.0,0.0
107,62.0,10.0,0.0,10.0,0.0,1.0,5.0,10.0,0.0,0.0,0.0,1.0,5.0,10.0,0.0,0.0,0.0,0.0,0.0,0.0,0.0
108,62.0,10.0,0.0,10.0,0.0,1.0,5.0,10.0,0.0,0.0,0.0,1.0,5.0,10.0,0.0,0.0,0.0,0.0,0.0,0.0,0.0
109,62.0,10.0,0.0,0.0,10.0,1.0,5.0,10.0,0.0,0.0,0.0,0.0,0.0,0.0,1.0,5.0,10.0,0.0,0.0,0.0,0.0
110,62.0,10.0,0.0,0.0,10.0,1.0,5.0,10.0,0.0,0.0,0.0,0.0,0.0,0.0,1.0,5.0,10.0,0.0,0.0,0.0,0.0
111,62.0,20.0,0.0,0.0,0.0,2.0,10.0,20.0,0.0,0.0,0.0,0.0,0.0,0.0,0.0,0.0,0.0,1.0,5.0,10.0,10.0
112,72.0,15.0,0.0,0.0,5.0,2.0,10.0,15.0,0.0,0.0,0.0,0.0,0.0,0.0,0.0,0.0,5.0,1.0,5.0,5.0,5.0
113,62.0,0.0,10.0,0.0,10.0,0.0,0.0,0.0,1.0,5.0,10.0,0.0,0.0,0.0,1.0,5.0,10.0,0.0,0.0,0.0,0.0
114,62.0,0.0,10.0,0.0,10.0,0.0,0.0,0.0,1.0,5.0,10.0,0.0,0.0,0.0,1.0,5.0,10.0,0.0,0.0,0.0,0.0
115,62.0,0.0,10.0,10.0,0.0,0.0,0.0,0.0,1.0,5.0,10.0,1.0,5.0,10.0,0.0,0.0,0.0,0.0,0.0,0.0,0.0
116,62.0,0.0,10.0,10.0,0.0,0.0,0.0,0.0,1.0,5.0,10.0,1.0,5.0,10.0,0.0,0.0,0.0,0.0,0.0,0.0,0.0
117,62.0,0.0,10.0,0.0,10.0,0.0,0.0,0.0,1.0,5.0,10.0,0.0,0.0,0.0,1.0,5.0,10.0,0.0,0.0,0.0,0.0
118,62.0,0.0,10.0,0.0,10.0,0.0,0.0,0.0,1.0,5.0,10.0,0.0,0.0,0.0,1.0,5.0,10.0,0.0,0.0,0.0,0.0
119,62.0,0.0,20.0,0.0,0.0,0.0,0.0,0.0,2.0,10.0,20.0,0.0,0.0,0.0,0.0,0.0,0.0,1.0,5.0,10.0,10.0
120,72.0,0.0,15.0,0.0,5.0,0.0,0.0,0.0,2.0,10.0,15.0,0.0,0.0,0.0,0.0,0.0,5.0,1.0,5.0,5.0,5.0
121,77.0,0.0,11.0,0.0,9.0,0.0,0.0,0.0,0.0,4.0,11.0,0.0,0.0,0.0,2.0,6.0,9.0,-1.0,-1.0,1.0,1.0
122,78.0,0.0,10.0,0.0,10.0,0.0,0.0,0.0,1.0,5.0,10.0,0.0,0.0,0.0,1.0,5.0,10.0,0.0,0.0,0.0,0.0
123,77.0,0.0,11.0,9.0,0.0,0.0,0.0,0.0,0.0,4.0,11.0,2.0,6.0,9.0,0.0,0.0,0.0,-1.0,-1.0,1.0,1.0
124,78.0,0.0,10.0,10.0,0.0,0.0,0.0,0.0,1.0,5.0,10.0,1.0,5.0,10.0,0.0,0.0,0.0,0.0,0.0,0.0,0.0
125,77.0,0.0,11.0,0.0,9.0,0.0,0.0,0.0,0.0,4.0,11.0,0.0,0.0,0.0,2.0,6.0,9.0,-1.0,-1.0,1.0,1.0
126,78.0,0.0,10.0,0.0,10.0,0.0,0.0,0.0,1.0,5.0,10.0,0.0,0.0,0.0,1.0,5.0,10.0,0.0,0.0,0.0,0.0
127,94.0,0.0,10.0,0.0,10.0,0.0,0.0,0.0,1.0,5.0,10.0,0.0,0.0,0.0,1.0,5.0,10.0,0.0,0.0,0.0,0.0
128,94.0,0.0,10.0,0.0,10.0,0.0,0.0,0.0,1.0,5.0,10.0,0.0,0.0,0.0,1.0,5.0,10.0,0.0,0.0,0.0,0.0
129,52.0,10.0,0.0,0.0,10.0,1.0,5.0,10.0,0.0,0.0,0.0,0.0,0.0,0.0,1.0,5.0,10.0,0.0,0.0,0.0,0.0
130,52.0,10.0,0.0,0.0,10.0,1.0,5.0,10.0,0.0,0.0,0.0,0.0,0.0,0.0,1.0,5.0,10.0,0.0,0.0,0.0,0.0
131,52.0,10.0,0.0,10.0,0.0,1.0,5.0,10.0,0.0,0.0,0.0,1.0,5.0,10.0,0.0,0.0,0.0,0.0,0.0,0.0,0.0
132,52.0,10.0,0.0,10.0,0.0,1.0,5.0,10.0,0.0,0.0,0.0,1.0,5.0,10.0,0.0,0.0,0.0,0.0,0.0,0.0,0.0
133,52.0,10.0,0.0,0.0,10.0,1.0,5.0,10.0,0.0,0.0,0.0,0.0,0.0,0.0,1.0,5.0,10.0,0.0,0.0,0.0,0.0
134,52.0,10.0,0.0,0.0,10.0,1.0,5.0,10.0,0.0,0.0,0.0,0.0,0.0,0.0,1.0,5.0,10.0,0.0,0.0,0.0,0.0
135,62.0,15.0,0.0,0.0,5.0,2.0,10.0,15.0,0.0,0.0,0.0,0.0,0.0,0.0,0.0,0.0,5.0,1.0,5.0,5.0,5.0
136,67.0,11.0,0.0,0.0,9.0,2.0,6.0,11.0,0.0,0.0,0.0,0.0,0.0,0.0,0.0,4.0,9.0,1.0,1.0,1.0,1.0
137,52.0,10.0,0.0,0.0,10.0,1.0,5.0,10.0,0.0,0.0,0.0,0.0,0.0,0.0,1.0,5.0,10.0,0.0,0.0,0.0,0.0
138,52.0,10.0,0.0,0.0,10.0,1.0,5.0,10.0,0.0,0.0,0.0,0.0,0.0,0.0,1.0,5.0,10.0,0.0,0.0,0.0,0.0
139,52.0,10.0,0.0,10.0,0.0,1.0,5.0,10.0,0.0,0.0,0.0,1.0,5.0,10.0,0.0,0.0,0.0,0.0,0.0,0.0,0.0
140,52.0,10.0,0.0,10.0,0.0,1.0,5.0,10.0,0.0,0.0,0.0,1.0,5.0,10.0,0.0,0.0,0.0,0.0,0.0,0.0,0.0
141,52.0,10.0,0.0,0.0,10.0,1.0,5.0,10.0,0.0,0.0,0.0,0.0,0.0,0.0,1.0,5.0,10.0,0.0,0.0,0.0,0.0
142,52.0,10.0,0.0,0.0,10.0,1.0,5.0,10.0,0.0,0.0,0.0,0.0,0.0,0.0,1.0,5.0,10.0,0.0,0.0,0.0,0.0
143,62.0,15.0,0.0,0.0,5.0,2.0,10.0,15.0,0.0,0.0,0.0,0.0,0.0,0.0,0.0,0.0,5.0,1.0,5.0,5.0,5.0
144,67.0,11.0,0.0,0.0,9.0,2.0,6.0,11.0,0.0,0.0,0.0,0.0,0.0,0.0,0.0,4.0,9.0,1.0,1.0,1.0,1.0
145,62.0,0.0,10.0,0.0,10.0,0.0,0.0,0.0,1.0,5.0,10.0,0.0,0.0,0.0,1.0,5.0,10.0,0.0,0.0,0.0,0.0
146,62.0,0.0,10.0,0.0,10.0,0.0,0.0,0.0,1.0,5.0,10.0,0.0,0.0,0.0,1.0,5.0,10.0,0.0,0.0,0.0,0.0
147,62.0,0.0,10.0,10.0,0.0,0.0,0.0,0.0,1.0,5.0,10.0,1.0,5.0,10.0,0.0,0.0,0.0,0.0,0.0,0.0,0.0
148,62.0,0.0,10.0,10.0,0.0,0.0,0.0,0.0,1.0,5.0,10.0,1.0,5.0,10.0,0.0,0.0,0.0,0.0,0.0,0.0,0.0
149,62.0,0.0,10.0,0.0,10.0,0.0,0.0,0.0,1.0,5.0,10.0,0.0,0.0,0.0,1.0,5.0,10.0,0.0,0.0,0.0,0.0
150,62.0,0.0,10.0,0.0,10.0,0.0,0.0,0.0,1.0,5.0,10.0,0.0,0.0,0.0,1.0,5.0,10.0,0.0,0.0,0.0,0.0
151,77.0,0.0,11.0,0.0,9.0,0.0,0.0,0.0,2.0,6.0,11.0,0.0,0.0,0.0,0.0,4.0,9.0,1.0,1.0,1.0,1.0
152,78.0,0.0,10.0,0.0,10.0,0.0,0.0,0.0,1.0,5.0,10.0,0.0,0.0,0.0,1.0,5.0,10.0,0.0,0.0,0.0,0.0
153,62.0,5.0,0.0,0.0,15.0,0.0,0.0,5.0,0.0,0.0,0.0,0.0,0.0,0.0,2.0,10.0,15.0,-1.0,-5.0,-5.0,5.0
154,67.0,9.0,0.0,0.0,11.0,0.0,4.0,9.0,0.0,0.0,0.0,0.0,0.0,0.0,2.0,6.0,11.0,-1.0,-1.0,-1.0,1.0
155,62.0,5.0,0.0,15.0,0.0,0.0,0.0,5.0,0.0,0.0,0.0,2.0,10.0,15.0,0.0,0.0,0.0,-1.0,-5.0,-5.0,5.0
156,67.0,9.0,0.0,11.0,0.0,0.0,4.0,9.0,0.0,0.0,0.0,2.0,6.0,11.0,0.0,0.0,0.0,-1.0,-1.0,-1.0,1.0
157,62.0,5.0,0.0,0.0,15.0,0.0,0.0,5.0,0.0,0.0,0.0,0.0,0.0,0.0,2.0,10.0,15.0,-1.0,-5.0,-5.0,5.0
158,67.0,9.0,0.0,0.0,11.0,0.0,4.0,9.0,0.0,0.0,0.0,0.0,0.0,0.0,2.0,6.0,11.0,-1.0,-1.0,-1.0,1.0
159,84.0,10.0,0.0,0.0,10.0,1.0,5.0,10.0,0.0,0.0,0.0,0.0,0.0,0.0,1.0,5.0,10.0,0.0,0.0,0.0,0.0
160,84.0,10.0,0.0,0.0,10.0,1.0,5.0,10.0,0.0,0.0,0.0,0.0,0.0,0.0,1.0,5.0,10.0,0.0,0.0,0.0,0.0
161,52.0,10.0,0.0,10.0,0.0,1.0,5.0,10.0,0.0,0.0,0.0,1.0,5.0,10.0,0.0,0.0,0.0,0.0,0.0,0.0,0.0
162,52.0,10.0,0.0,10.0,0.0,1.0,5.0,10.0,0.0,0.0,0.0,1.0,5.0,10.0,0.0,0.0,0.0,0.0,0.0,0.0,0.0
163,52.0,10.0,0.0,10.0,0.0,1.0,5.0,10.0,0.0,0.0,0.0,1.0,5.0,10.0,0.0,0.0,0.0,0.0,0.0,0.0,0.0
164,52.0,10.0,0.0,10.0,0.0,1.0,5.0,10.0,0.0,0.0,0.0,1.0,5.0,10.0,0.0,0.0,0.0,0.0,0.0,0.0,0.0
165,62.0,10.0,0.0,0.0,10.0,1.0,5.0,10.0,0.0,0.0,0.0,0.0,0.0,0.0,1.0,5.0,10.0,0.0,0.0,0.0,0.0
166,62.0,10.0,0.0,0.0,10.0,1.0,5.0,10.0,0.0,0.0,0.0,0.0,0.0,0.0,1.0,5.0,10.0,0.0,0.0,0.0,0.0
167,62.0,15.0,0.0,5.0,0.0,2.0,10.0,15.0,0.0,0.0,0.0,0.0,0.0,5.0,0.0,0.0,0.0,1.0,5.0,5.0,5.0
168,67.0,11.0,0.0,9.0,0.0,2.0,6.0,11.0,0.0,0.0,0.0,0.0,4.0,9.0,0.0,0.0,0.0,1.0,1.0,1.0,1.0
169,52.0,10.0,0.0,10.0,0.0,1.0,5.0,10.0,0.0,0.0,0.0,1.0,5.0,10.0,0.0,0.0,0.0,0.0,0.0,0.0,0.0
170,52.0,10.0,0.0,10.0,0.0,1.0,5.0,10.0,0.0,0.0,0.0,1.0,5.0,10.0,0.0,0.0,0.0,0.0,0.0,0.0,0.0
171,52.0,10.0,0.0,10.0,0.0,1.0,5.0,10.0,0.0,0.0,0.0,1.0,5.0,10.0,0.0,0.0,0.0,0.0,0.0,0.0,0.0
172,52.0,10.0,0.0,10.0,0.0,1.0,5.0,10.0,0.0,0.0,0.0,1.0,5.0,10.0,0.0,0.0,0.0,0.0,0.0,0.0,0.0
173,62.0,10.0,0.0,0.0,10.0,1.0,5.0,10.0,0.0,0.0,0.0,0.0,0.0,0.0,1.0,5.0,10.0,0.0,0.0,0.0,0.0
174,62.0,10.0,0.0,0.0,10.0,1.0,5.0,10.0,0.0,0.0,0.0,0.0,0.0,0.0,1.0,5.0,10.0,0.0,0.0,0.0,0.0
175,62.0,15.0,0.0,5.0,0.0,2.0,10.0,15.0,0.0,0.0,0.0,0.0,0.0,5.0,0.0,0.0,0.0,1.0,5.0,5.0,5.0
176,67.0,11.0,0.0,9.0,0.0,2.0,6.0,11.0,0.0,0.0,0.0,0.0,4.0,9.0,0.0,0.0,0.0,1.0,1.0,1.0,1.0
177,62.0,0.0,10.0,10.0,0.0,0.0,0.0,0.0,1.0,5.0,10.0,1.0,5.0,10.0,0.0,0.0,0.0,0.0,0.0,0.0,0.0
178,62.0,0.0,10.0,10.0,0.0,0.0,0.0,0.0,1.0,5.0,10.0,1.0,5.0,10.0,0.0,0.0,0.0,0.0,0.0,0.0,0.0
179,62.0,0.0,10.0,10.0,0.0,0.0,0.0,0.0,1.0,5.0,10.0,1.0,5.0,10.0,0.0,0.0,0.0,0.0,0.0,0.0,0.0
180,62.0,0.0,10.0,10.0,0.0,0.0,0.0,0.0,1.0,5.0,10.0,1.0,5.0,10.0,0.0,0.0,0.0,0.0,0.0,0.0,0.0
181,72.0,0.0,10.0,0.0,10.0,0.0,0.0,0.0,1.0,5.0,10.0,0.0,0.0,0.0,1.0,5.0,10.0,0.0,0.0,0.0,0.0
182,72.0,0.0,10.0,0.0,10.0,0.0,0.0,0.0,1.0,5.0,10.0,0.0,0.0,0.0,1.0,5.0,10.0,0.0,0.0,0.0,0.0
183,77.0,0.0,11.0,9.0,0.0,0.0,0.0,0.0,2.0,6.0,11.0,0.0,4.0,9.0,0.0,0.0,0.0,1.0,1.0,1.0,1.0
184,78.0,0.0,10.0,10.0,0.0,0.0,0.0,0.0,1.0,5.0,10.0,1.0,5.0,10.0,0.0,0.0,0.0,0.0,0.0,0.0,0.0
185,62.0,5.0,0.0,15.0,0.0,0.0,0.0,5.0,0.0,0.0,0.0,2.0,10.0,15.0,0.0,0.0,0.0,-1.0,-5.0,-5.0,5.0
186,67.0,9.0,0.0,11.0,0.0,0.0,4.0,9.0,0.0,0.0,0.0,2.0,6.0,11.0,0.0,0.0,0.0,-1.0,-1.0,-1.0,1.0
187,62.0,5.0,0.0,15.0,0.0,0.0,0.0,5.0,0.0,0.0,0.0,2.0,10.0,15.0,0.0,0.0,0.0,-1.0,-5.0,-5.0,5.0
188,67.0,9.0,0.0,11.0,0.0,0.0,4.0,9.0,0.0,0.0,0.0,2.0,6.0,11.0,0.0,0.0,0.0,-1.0,-1.0,-1.0,1.0
189,77.0,9.0,0.0,0.0,11.0,0.0,4.0,9.0,0.0,0.0,0.0,0.0,0.0,0.0,2.0,6.0,11.0,-1.0,-1.0,-1.0,1.0
190,78.0,10.0,0.0,0.0,10.0,1.0,5.0,10.0,0.0,0.0,0.0,0.0,0.0,0.0,1.0,5.0,10.0,0.0,0.0,0.0,0.0
191,84.0,10.0,0.0,10.0,0.0,1.0,5.0,10.0,0.0,0.0,0.0,1.0,5.0,10.0,0.0,0.0,0.0,0.0,0.0,0.0,0.0
192,84.0,10.0,0.0,10.0,0.0,1.0,5.0,10.0,0.0,0.0,0.0,1.0,5.0,10.0,0.0,0.0,0.0,0.0,0.0,0.0,0.0
193,52.0,10.0,0.0,0.0,10.0,1.0,5.0,10.0,0.0,0.0,0.0,0.0,0.0,0.0,1.0,5.0,10.0,0.0,0.0,0.0,0.0
194,52.0,10.0,0.0,0.0,10.0,1.0,5.0,10.0,0.0,0.0,0.0,0.0,0.0,0.0,1.0,5.0,10.0,0.0,0.0,0.0,0.0
195,62.0,10.0,0.0,5.0,5.0,1.0,5.0,10.0,0.0,0.0,0.0,1.0,5.0,5.0,0.0,0.0,5.0,0.0,0.0,0.0,0.0
196,62.0,10.0,0.0,5.0,5.0,1.0,5.0,10.0,0.0,0.0,0.0,1.0,5.0,5.0,0.0,0.0,5.0,0.0,0.0,0.0,0.0
197,52.0,10.0,0.0,0.0,10.0,1.0,5.0,10.0,0.0,0.0,0.0,0.0,0.0,0.0,1.0,5.0,10.0,0.0,0.0,0.0,0.0
198,52.0,10.0,0.0,0.0,10.0,1.0,5.0,10.0,0.0,0.0,0.0,0.0,0.0,0.0,1.0,5.0,10.0,0.0,0.0,0.0,0.0
199,62.0,15.0,0.0,0.0,5.0,2.0,10.0,15.0,0.0,0.0,0.0,0.0,0.0,0.0,0.0,0.0,5.0,1.0,5.0,5.0,5.0
200,67.0,11.0,0.0,0.0,9.0,2.0,6.0,11.0,0.0,0.0,0.0,0.0,0.0,0.0,0.0,4.0,9.0,1.0,1.0,1.0,1.0
201,52.0,10.0,0.0,0.0,10.0,1.0,5.0,10.0,0.0,0.0,0.0,0.0,0.0,0.0,1.0,5.0,10.0,0.0,0.0,0.0,0.0
202,52.0,10.0,0.0,0.0,10.0,1.0,5.0,10.0,0.0,0.0,0.0,0.0,0.0,0.0,1.0,5.0,10.0,0.0,0.0,0.0,0.0
203,62.0,10.0,0.0,5.0,5.0,1.0,5.0,10.0,0.0,0.0,0.0,1.0,5.0,5.0,0.0,0.0,5.0,0.0,0.0,0.0,0.0
204,62.0,10.0,0.0,5.0,5.0,1.0,5.0,10.0,0.0,0.0,0.0,1.0,5.0,5.0,0.0,0.0,5.0,0.0,0.0,0.0,0.0
205,52.0,10.0,0.0,0.0,10.0,1.0,5.0,10.0,0.0,0.0,0.0,0.0,0.0,0.0,1.0,5.0,10.0,0.0,0.0,0.0,0.0
206,52.0,10.0,0.0,0.0,10.0,1.0,5.0,10.0,0.0,0.0,0.0,0.0,0.0,0.0,1.0,5.0,10.0,0.0,0.0,0.0,0.0
207,62.0,15.0,0.0,0.0,5.0,2.0,10.0,15.0,0.0,0.0,0.0,0.0,0.0,0.0,0.0,0.0,5.0,1.0,5.0,5.0,5.0
208,67.0,11.0,0.0,0.0,9.0,2.0,6.0,11.0,0.0,0.0,0.0,0.0,0.0,0.0,0.0,4.0,9.0,1.0,1.0,1.0,1.0
209,62.0,0.0,10.0,0.0,10.0,0.0,0.0,0.0,1.0,5.0,10.0,0.0,0.0,0.0,1.0,5.0,10.0,0.0,0.0,0.0,0.0
210,62.0,0.0,10.0,0.0,10.0,0.0,0.0,0.0,1.0,5.0,10.0,0.0,0.0,0.0,1.0,5.0,10.0,0.0,0.0,0.0,0.0
211,72.0,0.0,10.0,5.0,5.0,0.0,0.0,0.0,1.0,5.0,10.0,1.0,5.0,5.0,0.0,0.0,5.0,0.0,0.0,0.0,0.0
212,72.0,0.0,10.0,5.0,5.0,0.0,0.0,0.0,1.0,5.0,10.0,1.0,5.0,5.0,0.0,0.0,5.0,0.0,0.0,0.0,0.0
213,62.0,0.0,10.0,0.0,10.0,0.0,0.0,0.0,1.0,5.0,10.0,0.0,0.0,0.0,1.0,5.0,10.0,0.0,0.0,0.0,0.0
214,62.0,0.0,10.0,0.0,10.0,0.0,0.0,0.0,1.0,5.0,10.0,0.0,0.0,0.0,1.0,5.0,10.0,0.0,0.0,0.0,0.0
215,77.0,0.0,11.0,0.0,9.0,0.0,0.0,0.0,2.0,6.0,11.0,0.0,0.0,0.0,0.0,4.0,9.0,1.0,1.0,1.0,1.0
216,78.0,0.0,10.0,0.0,10.0,0.0,0.0,0.0,1.0,5.0,10.0,0.0,0.0,0.0,1.0,5.0,10.0,0.0,0.0,0.0,0.0
217,62.0,5.0,0.0,0.0,15.0,0.0,0.0,5.0,0.0,0.0,0.0,0.0,0.0,0.0,2.0,10.0,15.0,-1.0,-5.0,-5.0,5.0
218,67.0,9.0,0.0,0.0,11.0,0.0,4.0,9.0,0.0,0.0,0.0,0.0,0.0,0.0,2.0,6.0,11.0,-1.0,-1.0,-1.0,1.0
219,77.0,9.0,0.0,6.0,5.0,0.0,4.0,9.0,0.0,0.0,0.0,2.0,6.0,6.0,0.0,0.0,5.0,-1.0,-1.0,-1.0,1.0
220,78.0,10.0,0.0,5.0,5.0,1.0,5.0,10.0,0.0,0.0,0.0,1.0,5.0,5.0,0.0,0.0,5.0,0.0,0.0,0.0,0.0
221,62.0,5.0,0.0,0.0,15.0,0.0,0.0,5.0,0.0,0.0,0.0,0.0,0.0,0.0,2.0,10.0,15.0,-1.0,-5.0,-5.0,5.0
222,67.0,9.0,0.0,0.0,11.0,0.0,4.0,9.0,0.0,0.0,0.0,0.0,0.0,0.0,2.0,6.0,11.0,-1.0,-1.0,-1.0,1.0
223,84.0,10.0,0.0,0.0,10.0,1.0,5.0,10.0,0.0,0.0,0.0,0.0,0.0,0.0,1.0,5.0,10.0,0.0,0.0,0.0,0.0
224,84.0,10.0,0.0,0.0,10.0,1.0,5.0,10.0,0.0,0.0,0.0,0.0,0.0,0.0,1.0,5.0,10.0,0.0,0.0,0.0,0.0
225,62.0,10.0,0.0,0.0,10.0,1.0,5.0,10.0,0.0,0.0,0.0,0.0,0.0,0.0,1.0,5.0,10.0,0.0,0.0,0.0,0.0
226,62.0,10.0,0.0,0.0,10.0,1.0,5.0,10.0,0.0,0.0,0.0,0.0,0.0,0.0,1.0,5.0,10.0,0.0,0.0,0.0,0.0
227,62.0,10.0,0.0,10.0,0.0,1.0,5.0,10.0,0.0,0.0,0.0,1.0,5.0,10.0,0.0,0.0,0.0,0.0,0.0,0.0,0.0
228,62.0,10.0,0.0,10.0,0.0,1.0,5.0,10.0,0.0,0.0,0.0,1.0,5.0,10.0,0.0,0.0,0.0,0.0,0.0,0.0,0.0
229,62.0,10.0,0.0,0.0,10.0,1.0,5.0,10.0,0.0,0.0,0.0,0.0,0.0,0.0,1.0,5.0,10.0,0.0,0.0,0.0,0.0
230,62.0,10.0,0.0,0.0,10.0,1.0,5.0,10.0,0.0,0.0,0.0,0.0,0.0,0.0,1.0,5.0,10.0,0.0,0.0,0.0,0.0
231,62.0,20.0,0.0,0.0,0.0,2.0,10.0,20.0,0.0,0.0,0.0,0.0,0.0,0.0,0.0,0.0,0.0,1.0,5.0,10.0,10.0
232,72.0,15.0,0.0,0.0,5.0,2.0,10.0,15.0,0.0,0.0,0.0,0.0,0.0,0.0,0.0,0.0,5.0,1.0,5.0,5.0,5.0
233,62.0,10.0,0.0,0.0,10.0,1.0,5.0,10.0,0.0,0.0,0.0,0.0,0.0,0.0,1.0,5.0,10.0,0.0,0.0,0.0,0.0
234,62.0,10.0,0.0,0.0,10.0,1.0,5.0,10.0,0.0,0.0,0.0,0.0,0.0,0.0,1.0,5.0,10.0,0.0,0.0,0.0,0.0
235,62.0,10.0,0.0,10.0,0.0,1.0,5.0,10.0,0.0,0.0,0.0,1.0,5.0,10.0,0.0,0.0,0.0,0.0,0.0,0.0,0.0
236,62.0,10.0,0.0,10.0,0.0,1.0,5.0,10.0,0.0,0.0,0.0,1.0,5.0,10.0,0.0,0.0,0.0,0.0,0.0,0.0,0.0
237,62.0,10.0,0.0,0.0,10.0,1.0,5.0,10.0,0.0,0.0,0.0,0.0,0.0,0.0,1.0,5.0,10.0,0.0,0.0,0.0,0.0
238,62.0,10.0,0.0,0.0,10.0,1.0,5.0,10.0,0.0,0.0,0.0,0.0,0.0,0.0,1.0,5.0,10.0,0.0,0.0,0.0,0.0
239,62.0,20.0,0.0,0.0,0.0,2.0,10.0,20.0,0.0,0.0,0.0,0.0,0.0,0.0,0.0,0.0,0.0,1.0,5.0,10.0,10.0
240,72.0,15.0,0.0,0.0,5.0,2.0,10.0,15.0,0.0,0.0,0.0,0.0,0.0,0.0,0.0,0.0,5.0,1.0,5.0,5.0,5.0
241,72.0,0.0,10.0,0.0,10.0,0.0,0.0,0.0,1.0,5.0,10.0,0.0,0.0,0.0,1.0,5.0,10.0,0.0,0.0,0.0,0.0
242,72.0,0.0,10.0,0.0,10.0,0.0,0.0,0.0,1.0,5.0,10.0,0.0,0.0,0.0,1.0,5.0,10.0,0.0,0.0,0.0,0.0
243,72.0,0.0,10.0,10.0,0.0,0.0,0.0,0.0,1.0,5.0,10.0,1.0,5.0,10.0,0.0,0.0,0.0,0.0,0.0,0.0,0.0
244,72.0,0.0,10.0,10.0,0.0,0.0,0.0,0.0,1.0,5.0,10.0,1.0,5.0,10.0,0.0,0.0,0.0,0.0,0.0,0.0,0.0
245,72.0,0.0,10.0,0.0,10.0,0.0,0.0,0.0,1.0,5.0,10.0,0.0,0.0,0.0,1.0,5.0,10.0,0.0,0.0,0.0,0.0
246,72.0,0.0,10.0,0.0,10.0,0.0,0.0,0.0,1.0,5.0,10.0,0.0,0.0,0.0,1.0,5.0,10.0,0.0,0.0,0.0,0.0
247,82.0,0.0,15.0,0.0,5.0,0.0,0.0,0.0,2.0,10.0,15.0,0.0,0.0,0.0,0.0,0.0,5.0,1.0,5.0,5.0,5.0
248,87.0,0.0,11.0,0.0,9.0,0.0,0.0,0.0,2.0,6.0,11.0,0.0,0.0,0.0,0.0,4.0,9.0,1.0,1.0,1.0,1.0
249,77.0,9.0,0.0,0.0,11.0,0.0,4.0,9.0,0.0,0.0,0.0,0.0,0.0,0.0,2.0,6.0,11.0,-1.0,-1.0,-1.0,1.0
250,78.0,10.0,0.0,0.0,10.0,1.0,5.0,10.0,0.0,0.0,0.0,0.0,0.0,0.0,1.0,5.0,10.0,0.0,0.0,0.0,0.0
251,77.0,11.0,0.0,9.0,0.0,0.0,4.0,11.0,0.0,0.0,0.0,2.0,6.0,9.0,0.0,0.0,0.0,-1.0,-1.0,1.0,1.0
252,78.0,10.0,0.0,10.0,0.0,1.0,5.0,10.0,0.0,0.0,0.0,1.0,5.0,10.0,0.0,0.0,0.0,0.0,0.0,0.0,0.0
253,77.0,9.0,0.0,0.0,11.0,0.0,4.0,9.0,0.0,0.0,0.0,0.0,0.0,0.0,2.0,6.0,11.0,-1.0,-1.0,-1.0,1.0
254,78.0,10.0,0.0,0.0,10.0,1.0,5.0,10.0,0.0,0.0,0.0,0.0,0.0,0.0,1.0,5.0,10.0,0.0,0.0,0.0,0.0
255,94.0,10.0,0.0,0.0,10.0,1.0,5.0,10.0,0.0,0.0,0.0,0.0,0.0,0.0,1.0,5.0,10.0,0.0,0.0,0.0,0.0
256,94.0,10.0,0.0,0.0,10.0,1.0,5.0,10.0,0.0,0.0,0.0,0.0,0.0,0.0,1.0,5.0,10.0,0.0,0.0,0.0,0.0
257,52.0,0.0,10.0,0.0,10.0,0.0,0.0,0.0,1.0,5.0,10.0,0.0,0.0,0.0,1.0,5.0,10.0,0.0,0.0,0.0,0.0
258,52.0,0.0,10.0,0.0,10.0,0.0,0.0,0.0,1.0,5.0,10.0,0.0,0.0,0.0,1.0,5.0,10.0,0.0,0.0,0.0,0.0
259,52.0,0.0,10.0,10.0,0.0,0.0,0.0,0.0,1.0,5.0,10.0,1.0,5.0,10.0,0.0,0.0,0.0,0.0,0.0,0.0,0.0
260,52.0,0.0,10.0,10.0,0.0,0.0,0.0,0.0,1.0,5.0,10.0,1.0,5.0,10.0,0.0,0.0,0.0,0.0,0.0,0.0,0.0
261,52.0,0.0,10.0,0.0,10.0,0.0,0.0,0.0,1.0,5.0,10.0,0.0,0.0,0.0,1.0,5.0,10.0,0.0,0.0,0.0,0.0
262,52.0,0.0,10.0,0.0,10.0,0.0,0.0,0.0,1.0,5.0,10.0,0.0,0.0,0.0,1.0,5.0,10.0,0.0,0.0,0.0,0.0
263,62.0,0.0,15.0,0.0,5.0,0.0,0.0,0.0,2.0,10.0,15.0,0.0,0.0,0.0,0.0,0.0,5.0,1.0,5.0,5.0,5.0
264,67.0,0.0,11.0,0.0,9.0,0.0,0.0,0.0,2.0,6.0,11.0,0.0,0.0,0.0,0.0,4.0,9.0,1.0,1.0,1.0,1.0
265,62.0,5.0,5.0,0.0,10.0,1.0,5.0,5.0,0.0,0.0,5.0,0.0,0.0,0.0,1.0,5.0,10.0,0.0,0.0,0.0,0.0
266,62.0,5.0,5.0,0.0,10.0,1.0,5.0,5.0,0.0,0.0,5.0,0.0,0.0,0.0,1.0,5.0,10.0,0.0,0.0,0.0,0.0
267,62.0,5.0,5.0,10.0,0.0,1.0,5.0,5.0,0.0,0.0,5.0,1.0,5.0,10.0,0.0,0.0,0.0,0.0,0.0,0.0,0.0
268,62.0,5.0,5.0,10.0,0.0,1.0,5.0,5.0,0.0,0.0,5.0,1.0,5.0,10.0,0.0,0.0,0.0,0.0,0.0,0.0,0.0
269,62.0,5.0,5.0,0.0,10.0,1.0,5.0,5.0,0.0,0.0,5.0,0.0,0.0,0.0,1.0,5.0,10.0,0.0,0.0,0.0,0.0
270,62.0,5.0,5.0,0.0,10.0,1.0,5.0,5.0,0.0,0.0,5.0,0.0,0.0,0.0,1.0,5.0,10.0,0.0,0.0,0.0,0.0
271,77.0,6.0,5.0,0.0,9.0,2.0,6.0,6.0,0.0,0.0,5.0,0.0,0.0,0.0,0.0,4.0,9.0,1.0,1.0,1.0,1.0
272,78.0,5.0,5.0,0.0,10.0,1.0,5.0,5.0,0.0,0.0,5.0,0.0,0.0,0.0,1.0,5.0,10.0,0.0,0.0,0.0,0.0
273,52.0,0.0,10.0,0.0,10.0,0.0,0.0,0.0,1.0,5.0,10.0,0.0,0.0,0.0,1.0,5.0,10.0,0.0,0.0,0.0,0.0
274,52.0,0.0,10.0,0.0,10.0,0.0,0.0,0.0,1.0,5.0,10.0,0.0,0.0,0.0,1.0,5.0,10.0,0.0,0.0,0.0,0.0
275,52.0,0.0,10.0,10.0,0.0,0.0,0.0,0.0,1.0,5.0,10.0,1.0,5.0,10.0,0.0,0.0,0.0,0.0,0.0,0.0,0.0
276,52.0,0.0,10.0,10.0,0.0,0.0,0.0,0.0,1.0,5.0,10.0,1.0,5.0,10.0,0.0,0.0,0.0,0.0,0.0,0.0,0.0
277,52.0,0.0,10.0,0.0,10.0,0.0,0.0,0.0,1.0,5.0,10.0,0.0,0.0,0.0,1.0,5.0,10.0,0.0,0.0,0.0,0.0
278,52.0,0.0,10.0,0.0,10.0,0.0,0.0,0.0,1.0,5.0,10.0,0.0,0.0,0.0,1.0,5.0,10.0,0.0,0.0,0.0,0.0
279,62.0,0.0,15.0,0.0,5.0,0.0,0.0,0.0,2.0,10.0,15.0,0.0,0.0,0.0,0.0,0.0,5.0,1.0,5.0,5.0,5.0
280,67.0,0.0,11.0,0.0,9.0,0.0,0.0,0.0,2.0,6.0,11.0,0.0,0.0,0.0,0.0,4.0,9.0,1.0,1.0,1.0,1.0
281,62.0,0.0,5.0,0.0,15.0,0.0,0.0,0.0,0.0,0.0,5.0,0.0,0.0,0.0,2.0,10.0,15.0,-1.0,-5.0,-5.0,5.0
282,67.0,0.0,9.0,0.0,11.0,0.0,0.0,0.0,0.0,4.0,9.0,0.0,0.0,0.0,2.0,6.0,11.0,-1.0,-1.0,-1.0,1.0
283,62.0,0.0,5.0,15.0,0.0,0.0,0.0,0.0,0.0,0.0,5.0,2.0,10.0,15.0,0.0,0.0,0.0,-1.0,-5.0,-5.0,5.0
284,67.0,0.0,9.0,11.0,0.0,0.0,0.0,0.0,0.0,4.0,9.0,2.0,6.0,11.0,0.0,0.0,0.0,-1.0,-1.0,-1.0,1.0
285,62.0,0.0,5.0,0.0,15.0,0.0,0.0,0.0,0.0,0.0,5.0,0.0,0.0,0.0,2.0,10.0,15.0,-1.0,-5.0,-5.0,5.0
286,67.0,0.0,9.0,0.0,11.0,0.0,0.0,0.0,0.0,4.0,9.0,0.0,0.0,0.0,2.0,6.0,11.0,-1.0,-1.0,-1.0,1.0
287,84.0,0.0,10.0,0.0,10.0,0.0,0.0,0.0,1.0,5.0,10.0,0.0,0.0,0.0,1.0,5.0,10.0,0.0,0.0,0.0,0.0
288,84.0,0.0,10.0,0.0,10.0,0.0,0.0,0.0,1.0,5.0,10.0,0.0,0.0,0.0,1.0,5.0,10.0,0.0,0.0,0.0,0.0
289,52.0,0.0,10.0,10.0,0.0,0.0,0.0,0.0,1.0,5.0,10.0,1.0,5.0,10.0,0.0,0.0,0.0,0.0,0.0,0.0,0.0
290,52.0,0.0,10.0,10.0,0.0,0.0,0.0,0.0,1.0,5.0,10.0,1.0,5.0,10.0,0.0,0.0,0.0,0.0,0.0,0.0,0.0
291,52.0,0.0,10.0,10.0,0.0,0.0,0.0,0.0,1.0,5.0,10.0,1.0,5.0,10.0,0.0,0.0,0.0,0.0,0.0,0.0,0.0
292,52.0,0.0,10.0,10.0,0.0,0.0,0.0,0.0,1.0,5.0,10.0,1.0,5.0,10.0,0.0,0.0,0.0,0.0,0.0,0.0,0.0
293,62.0,0.0,10.0,0.0,10.0,0.0,0.0,0.0,1.0,5.0,10.0,0.0,0.0,0.0,1.0,5.0,10.0,0.0,0.0,0.0,0.0
294,62.0,0.0,10.0,0.0,10.0,0.0,0.0,0.0,1.0,5.0,10.0,0.0,0.0,0.0,1.0,5.0,10.0,0.0,0.0,0.0,0.0
295,62.0,0.0,15.0,5.0,0.0,0.0,0.0,0.0,2.0,10.0,15.0,0.0,0.0,5.0,0.0,0.0,0.0,1.0,5.0,5.0,5.0
296,67.0,0.0,11.0,9.0,0.0,0.0,0.0,0.0,2.0,6.0,11.0,0.0,4.0,9.0,0.0,0.0,0.0,1.0,1.0,1.0,1.0
297,62.0,5.0,5.0,10.0,0.0,1.0,5.0,5.0,0.0,0.0,5.0,1.0,5.0,10.0,0.0,0.0,0.0,0.0,0.0,0.0,0.0
298,62.0,5.0,5.0,10.0,0.0,1.0,5.0,5.0,0.0,0.0,5.0,1.0,5.0,10.0,0.0,0.0,0.0,0.0,0.0,0.0,0.0
299,62.0,5.0,5.0,10.0,0.0,1.0,5.0,5.0,0.0,0.0,5.0,1.0,5.0,10.0,0.0,0.0,0.0,0.0,0.0,0.0,0.0
300,62.0,5.0,5.0,10.0,0.0,1.0,5.0,5.0,0.0,0.0,5.0,1.0,5.0,10.0,0.0,0.0,0.0,0.0,0.0,0.0,0.0
301,72.0,5.0,5.0,0.0,10.0,1.0,5.0,5.0,0.0,0.0,5.0,0.0,0.0,0.0,1.0,5.0,10.0,0.0,0.0,0.0,0.0
302,72.0,5.0,5.0,0.0,10.0,1.0,5.0,5.0,0.0,0.0,5.0,0.0,0.0,0.0,1.0,5.0,10.0,0.0,0.0,0.0,0.0
303,77.0,6.0,5.0,9.0,0.0,2.0,6.0,6.0,0.0,0.0,5.0,0.0,4.0,9.0,0.0,0.0,0.0,1.0,1.0,1.0,1.0
304,78.0,5.0,5.0,10.0,0.0,1.0,5.0,5.0,0.0,0.0,5.0,1.0,5.0,10.0,0.0,0.0,0.0,0.0,0.0,0.0,0.0
305,52.0,0.0,10.0,10.0,0.0,0.0,0.0,0.0,1.0,5.0,10.0,1.0,5.0,10.0,0.0,0.0,0.0,0.0,0.0,0.0,0.0
306,52.0,0.0,10.0,10.0,0.0,0.0,0.0,0.0,1.0,5.0,10.0,1.0,5.0,10.0,0.0,0.0,0.0,0.0,0.0,0.0,0.0
307,52.0,0.0,10.0,10.0,0.0,0.0,0.0,0.0,1.0,5.0,10.0,1.0,5.0,10.0,0.0,0.0,0.0,0.0,0.0,0.0,0.0
308,52.0,0.0,10.0,10.0,0.0,0.0,0.0,0.0,1.0,5.0,10.0,1.0,5.0,10.0,0.0,0.0,0.0,0.0,0.0,0.0,0.0
309,62.0,0.0,10.0,0.0,10.0,0.0,0.0,0.0,1.0,5.0,10.0,0.0,0.0,0.0,1.0,5.0,10.0,0.0,0.0,0.0,0.0
310,62.0,0.0,10.0,0.0,10.0,0.0,0.0,0.0,1.0,5.0,10.0,0.0,0.0,0.0,1.0,5.0,10.0,0.0,0.0,0.0,0.0
311,62.0,0.0,15.0,5.0,0.0,0.0,0.0,0.0,2.0,10.0,15.0,0.0,0.0,5.0,0.0,0.0,0.0,1.0,5.0,5.0,5.0
312,67.0,0.0,11.0,9.0,0.0,0.0,0.0,0.0,2.0,6.0,11.0,0.0,4.0,9.0,0.0,0.0,0.0,1.0,1.0,1.0,1.0
313,62.0,0.0,5.0,15.0,0.0,0.0,0.0,0.0,0.0,0.0,5.0,2.0,10.0,15.0,0.0,0.0,0.0,-1.0,-5.0,-5.0,5.0
314,67.0,0.0,9.0,11.0,0.0,0.0,0.0,0.0,0.0,4.0,9.0,2.0,6.0,11.0,0.0,0.0,0.0,-1.0,-1.0,-1.0,1.0
315,62.0,0.0,5.0,15.0,0.0,0.0,0.0,0.0,0.0,0.0,5.0,2.0,10.0,15.0,0.0,0.0,0.0,-1.0,-5.0,-5.0,5.0
316,67.0,0.0,9.0,11.0,0.0,0.0,0.0,0.0,0.0,4.0,9.0,2.0,6.0,11.0,0.0,0.0,0.0,-1.0,-1.0,-1.0,1.0
317,77.0,0.0,11.0,0.0,9.0,0.0,0.0,0.0,0.0,4.0,11.0,0.0,0.0,0.0,2.0,6.0,9.0,-1.0,-1.0,1.0,1.0
318,78.0,0.0,10.0,0.0,10.0,0.0,0.0,0.0,1.0,5.0,10.0,0.0,0.0,0.0,1.0,5.0,10.0,0.0,0.0,0.0,0.0
319,84.0,0.0,10.0,10.0,0.0,0.0,0.0,0.0,1.0,5.0,10.0,1.0,5.0,10.0,0.0,0.0,0.0,0.0,0.0,0.0,0.0
320,84.0,0.0,10.0,10.0,0.0,0.0,0.0,0.0,1.0,5.0,10.0,1.0,5.0,10.0,0.0,0.0,0.0,0.0,0.0,0.0,0.0
321,52.0,0.0,10.0,0.0,10.0,0.0,0.0,0.0,1.0,5.0,10.0,0.0,0.0,0.0,1.0,5.0,10.0,0.0,0.0,0.0,0.0
322,52.0,0.0,10.0,0.0,10.0,0.0,0.0,0.0,1.0,5.0,10.0,0.0,0.0,0.0,1.0,5.0,10.0,0.0,0.0,0.0,0.0
323,62.0,0.0,10.0,5.0,5.0,0.0,0.0,0.0,1.0,5.0,10.0,1.0,5.0,5.0,0.0,0.0,5.0,0.0,0.0,0.0,0.0
324,62.0,0.0,10.0,5.0,5.0,0.0,0.0,0.0,1.0,5.0,10.0,1.0,5.0,5.0,0.0,0.0,5.0,0.0,0.0,0.0,0.0
325,52.0,0.0,10.0,0.0,10.0,0.0,0.0,0.0,1.0,5.0,10.0,0.0,0.0,0.0,1.0,5.0,10.0,0.0,0.0,0.0,0.0
326,52.0,0.0,10.0,0.0,10.0,0.0,0.0,0.0,1.0,5.0,10.0,0.0,0.0,0.0,1.0,5.0,10.0,0.0,0.0,0.0,0.0
327,62.0,0.0,15.0,0.0,5.0,0.0,0.0,0.0,2.0,10.0,15.0,0.0,0.0,0.0,0.0,0.0,5.0,1.0,5.0,5.0,5.0
328,67.0,0.0,11.0,0.0,9.0,0.0,0.0,0.0,2.0,6.0,11.0,0.0,0.0,0.0,0.0,4.0,9.0,1.0,1.0,1.0,1.0
329,62.0,5.0,5.0,0.0,10.0,1.0,5.0,5.0,0.0,0.0,5.0,0.0,0.0,0.0,1.0,5.0,10.0,0.0,0.0,0.0,0.0
330,62.0,5.0,5.0,0.0,10.0,1.0,5.0,5.0,0.0,0.0,5.0,0.0,0.0,0.0,1.0,5.0,10.0,0.0,0.0,0.0,0.0
331,72.0,5.0,5.0,5.0,5.0,1.0,5.0,5.0,0.0,0.0,5.0,1.0,5.0,5.0,0.0,0.0,5.0,0.0,0.0,0.0,0.0
332,72.0,5.0,5.0,5.0,5.0,1.0,5.0,5.0,0.0,0.0,5.0,1.0,5.0,5.0,0.0,0.0,5.0,0.0,0.0,0.0,0.0
333,62.0,5.0,5.0,0.0,10.0,1.0,5.0,5.0,0.0,0.0,5.0,0.0,0.0,0.0,1.0,5.0,10.0,0.0,0.0,0.0,0.0
334,62.0,5.0,5.0,0.0,10.0,1.0,5.0,5.0,0.0,0.0,5.0,0.0,0.0,0.0,1.0,5.0,10.0,0.0,0.0,0.0,0.0
335,77.0,6.0,5.0,0.0,9.0,2.0,6.0,6.0,0.0,0.0,5.0,0.0,0.0,0.0,0.0,4.0,9.0,1.0,1.0,1.0,1.0
336,78.0,5.0,5.0,0.0,10.0,1.0,5.0,5.0,0.0,0.0,5.0,0.0,0.0,0.0,1.0,5.0,10.0,0.0,0.0,0.0,0.0
337,52.0,0.0,10.0,0.0,10.0,0.0,0.0,0.0,1.0,5.0,10.0,0.0,0.0,0.0,1.0,5.0,10.0,0.0,0.0,0.0,0.0
338,52.0,0.0,10.0,0.0,10.0,0.0,0.0,0.0,1.0,5.0,10.0,0.0,0.0,0.0,1.0,5.0,10.0,0.0,0.0,0.0,0.0
339,62.0,0.0,10.0,5.0,5.0,0.0,0.0,0.0,1.0,5.0,10.0,1.0,5.0,5.0,0.0,0.0,5.0,0.0,0.0,0.0,0.0
340,62.0,0.0,10.0,5.0,5.0,0.0,0.0,0.0,1.0,5.0,10.0,1.0,5.0,5.0,0.0,0.0,5.0,0.0,0.0,0.0,0.0
341,52.0,0.0,10.0,0.0,10.0,0.0,0.0,0.0,1.0,5.0,10.0,0.0,0.0,0.0,1.0,5.0,10.0,0.0,0.0,0.0,0.0
342,52.0,0.0,10.0,0.0,10.0,0.0,0.0,0.0,1.0,5.0,10.0,0.0,0.0,0.0,1.0,5.0,10.0,0.0,0.0,0.0,0.0
343,62.0,0.0,15.0,0.0,5.0,0.0,0.0,0.0,2.0,10.0,15.0,0.0,0.0,0.0,0.0,0.0,5.0,1.0,5.0,5.0,5.0
344,67.0,0.0,11.0,0.0,9.0,0.0,0.0,0.0,2.0,6.0,11.0,0.0,0.0,0.0,0.0,4.0,9.0,1.0,1.0,1.0,1.0
345,62.0,0.0,5.0,0.0,15.0,0.0,0.0,0.0,0.0,0.0,5.0,0.0,0.0,0.0,2.0,10.0,15.0,-1.0,-5.0,-5.0,5.0
346,67.0,0.0,9.0,0.0,11.0,0.0,0.0,0.0,0.0,4.0,9.0,0.0,0.0,0.0,2.0,6.0,11.0,-1.0,-1.0,-1.0,1.0
347,77.0,0.0,11.0,6.0,3.0,0.0,0.0,0.0,0.0,4.0,11.0,2.0,6.0,6.0,0.0,0.0,3.0,-1.0,-1.0,1.0,1.0
348,78.0,0.0,10.0,5.0,5.0,0.0,0.0,0.0,1.0,5.0,10.0,1.0,5.0,5.0,0.0,0.0,5.0,0.0,0.0,0.0,0.0
349,62.0,0.0,5.0,0.0,15.0,0.0,0.0,0.0,0.0,0.0,5.0,0.0,0.0,0.0,2.0,10.0,15.0,-1.0,-5.0,-5.0,5.0
350,67.0,0.0,9.0,0.0,11.0,0.0,0.0,0.0,0.0,4.0,9.0,0.0,0.0,0.0,2.0,6.0,11.0,-1.0,-1.0,-1.0,1.0
351,84.0,0.0,10.0,0.0,10.0,0.0,0.0,0.0,1.0,5.0,10.0,0.0,0.0,0.0,1.0,5.0,10.0,0.0,0.0,0.0,0.0
352,84.0,0.0,10.0,0.0,10.0,0.0,0.0,0.0,1.0,5.0,10.0,0.0,0.0,0.0,1.0,5.0,10.0,0.0,0.0,0.0,0.0
353,62.0,0.0,10.0,0.0,10.0,0.0,0.0,0.0,1.0,5.0,10.0,0.0,0.0,0.0,1.0,5.0,10.0,0.0,0.0,0.0,0.0
354,62.0,0.0,10.0,0.0,10.0,0.0,0.0,0.0,1.0,5.0,10.0,0.0,0.0,0.0,1.0,5.0,10.0,0.0,0.0,0.0,0.0
355,62.0,0.0,10.0,10.0,0.0,0.0,0.0,0.0,1.0,5.0,10.0,1.0,5.0,10.0,0.0,0.0,0.0,0.0,0.0,0.0,0.0
356,62.0,0.0,10.0,10.0,0.0,0.0,0.0,0.0,1.0,5.0,10.0,1.0,5.0,10.0,0.0,0.0,0.0,0.0,0.0,0.0,0.0
357,62.0,0.0,10.0,0.0,10.0,0.0,0.0,0.0,1.0,5.0,10.0,0.0,0.0,0.0,1.0,5.0,10.0,0.0,0.0,0.0,0.0
358,62.0,0.0,10.0,0.0,10.0,0.0,0.0,0.0,1.0,5.0,10.0,0.0,0.0,0.0,1.0,5.0,10.0,0.0,0.0,0.0,0.0
359,62.0,0.0,20.0,0.0,0.0,0.0,0.0,0.0,2.0,10.0,20.0,0.0,0.0,0.0,0.0,0.0,0.0,1.0,5.0,10.0,10.0
360,72.0,0.0,15.0,0.0,5.0,0.0,0.0,0.0,2.0,10.0,15.0,0.0,0.0,0.0,0.0,0.0,5.0,1.0,5.0,5.0,5.0
361,72.0,5.0,5.0,0.0,10.0,1.0,5.0,5.0,0.0,0.0,5.0,0.0,0.0,0.0,1.0,5.0,10.0,0.0,0.0,0.0,0.0
362,72.0,5.0,5.0,0.0,10.0,1.0,5.0,5.0,0.0,0.0,5.0,0.0,0.0,0.0,1.0,5.0,10.0,0.0,0.0,0.0,0.0
363,72.0,5.0,5.0,10.0,0.0,1.0,5.0,5.0,0.0,0.0,5.0,1.0,5.0,10.0,0.0,0.0,0.0,0.0,0.0,0.0,0.0
364,72.0,5.0,5.0,10.0,0.0,1.0,5.0,5.0,0.0,0.0,5.0,1.0,5.0,10.0,0.0,0.0,0.0,0.0,0.0,0.0,0.0
365,72.0,5.0,5.0,0.0,10.0,1.0,5.0,5.0,0.0,0.0,5.0,0.0,0.0,0.0,1.0,5.0,10.0,0.0,0.0,0.0,0.0
366,72.0,5.0,5.0,0.0,10.0,1.0,5.0,5.0,0.0,0.0,5.0,0.0,0.0,0.0,1.0,5.0,10.0,0.0,0.0,0.0,0.0
367,82.0,10.0,5.0,0.0,5.0,2.0,10.0,10.0,0.0,0.0,5.0,0.0,0.0,0.0,0.0,0.0,5.0,1.0,5.0,5.0,5.0
368,87.0,6.0,5.0,0.0,9.0,2.0,6.0,6.0,0.0,0.0,5.0,0.0,0.0,0.0,0.0,4.0,9.0,1.0,1.0,1.0,1.0
369,62.0,0.0,10.0,0.0,10.0,0.0,0.0,0.0,1.0,5.0,10.0,0.0,0.0,0.0,1.0,5.0,10.0,0.0,0.0,0.0,0.0
370,62.0,0.0,10.0,0.0,10.0,0.0,0.0,0.0,1.0,5.0,10.0,0.0,0.0,0.0,1.0,5.0,10.0,0.0,0.0,0.0,0.0
371,62.0,0.0,10.0,10.0,0.0,0.0,0.0,0.0,1.0,5.0,10.0,1.0,5.0,10.0,0.0,0.0,0.0,0.0,0.0,0.0,0.0
372,62.0,0.0,10.0,10.0,0.0,0.0,0.0,0.0,1.0,5.0,10.0,1.0,5.0,10.0,0.0,0.0,0.0,0.0,0.0,0.0,0.0
373,62.0,0.0,10.0,0.0,10.0,0.0,0.0,0.0,1.0,5.0,10.0,0.0,0.0,0.0,1.0,5.0,10.0,0.0,0.0,0.0,0.0
374,62.0,0.0,10.0,0.0,10.0,0.0,0.0,0.0,1.0,5.0,10.0,0.0,0.0,0.0,1.0,5.0,10.0,0.0,0.0,0.0,0.0
375,62.0,0.0,20.0,0.0,0.0,0.0,0.0,0.0,2.0,10.0,20.0,0.0,0.0,0.0,0.0,0.0,0.0,1.0,5.0,10.0,10.0
376,72.0,0.0,15.0,0.0,5.0,0.0,0.0,0.0,2.0,10.0,15.0,0.0,0.0,0.0,0.0,0.0,5.0,1.0,5.0,5.0,5.0
377,77.0,0.0,11.0,0.0,9.0,0.0,0.0,0.0,0.0,4.0,11.0,0.0,0.0,0.0,2.0,6.0,9.0,-1.0,-1.0,1.0,1.0
378,78.0,0.0,10.0,0.0,10.0,0.0,0.0,0.0,1.0,5.0,10.0,0.0,0.0,0.0,1.0,5.0,10.0,0.0,0.0,0.0,0.0
379,77.0,0.0,11.0,9.0,0.0,0.0,0.0,0.0,0.0,4.0,11.0,2.0,6.0,9.0,0.0,0.0,0.0,-1.0,-1.0,1.0,1.0
380,78.0,0.0,10.0,10.0,0.0,0.0,0.0,0.0,1.0,5.0,10.0,1.0,5.0,10.0,0.0,0.0,0.0,0.0,0.0,0.0,0.0
381,77.0,0.0,11.0,0.0,9.0,0.0,0.0,0.0,0.0,4.0,11.0,0.0,0.0,0.0,2.0,6.0,9.0,-1.0,-1.0,1.0,1.0
382,78.0,0.0,10.0,0.0,10.0,0.0,0.0,0.0,1.0,5.0,10.0,0.0,0.0,0.0,1.0,5.0,10.0,0.0,0.0,0.0,0.0
383,94.0,0.0,10.0,0.0,10.0,0.0,0.0,0.0,1.0,5.0,10.0,0.0,0.0,0.0,1.0,5.0,10.0,0.0,0.0,0.0,0.0
384,94.0,0.0,10.0,0.0,10.0,0.0,0.0,0.0,1.0,5.0,10.0,0.0,0.0,0.0,1.0,5.0,10.0,0.0,0.0,0.0,0.0
385,62.0,0.0,10.0,0.0,10.0,0.0,0.0,0.0,1.0,5.0,10.0,0.0,0.0,0.0,1.0,5.0,10.0,0.0,0.0,0.0,0.0
386,62.0,0.0,10.0,0.0,10.0,0.0,0.0,0.0,1.0,5.0,10.0,0.0,0.0,0.0,1.0,5.0,10.0,0.0,0.0,0.0,0.0
387,62.0,0.0,10.0,10.0,0.0,0.0,0.0,0.0,1.0,5.0,10.0,1.0,5.0,10.0,0.0,0.0,0.0,0.0,0.0,0.0,0.0
388,62.0,0.0,10.0,10.0,0.0,0.0,0.0,0.0,1.0,5.0,10.0,1.0,5.0,10.0,0.0,0.0,0.0,0.0,0.0,0.0,0.0
389,62.0,0.0,10.0,0.0,10.0,0.0,0.0,0.0,1.0,5.0,10.0,0.0,0.0,0.0,1.0,5.0,10.0,0.0,0.0,0.0,0.0
390,62.0,0.0,10.0,0.0,10.0,0.0,0.0,0.0,1.0,5.0,10.0,0.0,0.0,0.0,1.0,5.0,10.0,0.0,0.0,0.0,0.0
391,77.0,0.0,11.0,0.0,9.0,0.0,0.0,0.0,2.0,6.0,11.0,0.0,0.0,0.0,0.0,4.0,9.0,1.0,1.0,1.0,1.0
392,78.0,0.0,10.0,0.0,10.0,0.0,0.0,0.0,1.0,5.0,10.0,0.0,0.0,0.0,1.0,5.0,10.0,0.0,0.0,0.0,0.0
393,62.0,10.0,0.0,0.0,10.0,1.0,5.0,10.0,0.0,0.0,0.0,0.0,0.0,0.0,1.0,5.0,10.0,0.0,0.0,0.0,0.0
394,62.0,10.0,0.0,0.0,10.0,1.0,5.0,10.0,0.0,0.0,0.0,0.0,0.0,0.0,1.0,5.0,10.0,0.0,0.0,0.0,0.0
395,62.0,10.0,0.0,10.0,0.0,1.0,5.0,10.0,0.0,0.0,0.0,1.0,5.0,10.0,0.0,0.0,0.0,0.0,0.0,0.0,0.0
396,62.0,10.0,0.0,10.0,0.0,1.0,5.0,10.0,0.0,0.0,0.0,1.0,5.0,10.0,0.0,0.0,0.0,0.0,0.0,0.0,0.0
397,62.0,10.0,0.0,0.0,10.0,1.0,5.0,10.0,0.0,0.0,0.0,0.0,0.0,0.0,1.0,5.0,10.0,0.0,0.0,0.0,0.0
398,62.0,10.0,0.0,0.0,10.0,1.0,5.0,10.0,0.0,0.0,0.0,0.0,0.0,0.0,1.0,5.0,10.0,0.0,0.0,0.0,0.0
399,77.0,9.0,0.0,0.0,11.0,2.0,6.0,9.0,0.0,0.0,0.0,0.0,0.0,0.0,0.0,4.0,11.0,1.0,1.0,-1.0,1.0
400,78.0,10.0,0.0,0.0,10.0,1.0,5.0,10.0,0.0,0.0,0.0,0.0,0.0,0.0,1.0,5.0,10.0,0.0,0.0,0.0,0.0
401,62.0,0.0,10.0,0.0,10.0,0.0,0.0,0.0,1.0,5.0,10.0,0.0,0.0,0.0,1.0,5.0,10.0,0.0,0.0,0.0,0.0
402,62.0,0.0,10.0,0.0,10.0,0.0,0.0,0.0,1.0,5.0,10.0,0.0,0.0,0.0,1.0,5.0,10.0,0.0,0.0,0.0,0.0
403,62.0,0.0,10.0,10.0,0.0,0.0,0.0,0.0,1.0,5.0,10.0,1.0,5.0,10.0,0.0,0.0,0.0,0.0,0.0,0.0,0.0
404,62.0,0.0,10.0,10.0,0.0,0.0,0.0,0.0,1.0,5.0,10.0,1.0,5.0,10.0,0.0,0.0,0.0,0.0,0.0,0.0,0.0
405,62.0,0.0,10.0,0.0,10.0,0.0,0.0,0.0,1.0,5.0,10.0,0.0,0.0,0.0,1.0,5.0,10.0,0.0,0.0,0.0,0.0
406,62.0,0.0,10.0,0.0,10.0,0.0,0.0,0.0,1.0,5.0,10.0,0.0,0.0,0.0,1.0,5.0,10.0,0.0,0.0,0.0,0.0
407,77.0,0.0,11.0,0.0,9.0,0.0,0.0,0.0,2.0,6.0,11.0,0.0,0.0,0.0,0.0,4.0,9.0,1.0,1.0,1.0,1.0
408,78.0,0.0,10.0,0.0,10.0,0.0,0.0,0.0,1.0,5.0,10.0,0.0,0.0,0.0,1.0,5.0,10.0,0.0,0.0,0.0,0.0
409,62.0,0.0,0.0,0.0,20.0,0.0,0.0,0.0,0.0,0.0,0.0,0.0,0.0,0.0,2.0,10.0,20.0,-1.0,-5.0,-10.0,10.0
410,72.0,0.0,5.0,0.0,15.0,0.0,0.0,0.0,0.0,0.0,5.0,0.0,0.0,0.0,2.0,10.0,15.0,-1.0,-5.0,-5.0,5.0
411,62.0,0.0,0.0,20.0,0.0,0.0,0.0,0.0,0.0,0.0,0.0,2.0,10.0,20.0,0.0,0.0,0.0,-1.0,-5.0,-10.0,10.0
412,72.0,0.0,5.0,15.0,0.0,0.0,0.0,0.0,0.0,0.0,5.0,2.0,10.0,15.0,0.0,0.0,0.0,-1.0,-5.0,-5.0,5.0
413,62.0,0.0,0.0,0.0,20.0,0.0,0.0,0.0,0.0,0.0,0.0,0.0,0.0,0.0,2.0,10.0,20.0,-1.0,-5.0,-10.0,10.0
414,72.0,0.0,5.0,0.0,15.0,0.0,0.0,0.0,0.0,0.0,5.0,0.0,0.0,0.0,2.0,10.0,15.0,-1.0,-5.0,-5.0,5.0
415,94.0,0.0,10.0,0.0,10.0,0.0,0.0,0.0,1.0,5.0,10.0,0.0,0.0,0.0,1.0,5.0,10.0,0.0,0.0,0.0,0.0
416,94.0,0.0,10.0,0.0,10.0,0.0,0.0,0.0,1.0,5.0,10.0,0.0,0.0,0.0,1.0,5.0,10.0,0.0,0.0,0.0,0.0
417,62.0,0.0,10.0,10.0,0.0,0.0,0.0,0.0,1.0,5.0,10.0,1.0,5.0,10.0,0.0,0.0,0.0,0.0,0.0,0.0,0.0
418,62.0,0.0,10.0,10.0,0.0,0.0,0.0,0.0,1.0,5.0,10.0,1.0,5.0,10.0,0.0,0.0,0.0,0.0,0.0,0.0,0.0
419,62.0,0.0,10.0,10.0,0.0,0.0,0.0,0.0,1.0,5.0,10.0,1.0,5.0,10.0,0.0,0.0,0.0,0.0,0.0,0.0,0.0
420,62.0,0.0,10.0,10.0,0.0,0.0,0.0,0.0,1.0,5.0,10.0,1.0,5.0,10.0,0.0,0.0,0.0,0.0,0.0,0.0,0.0
421,72.0,0.0,10.0,0.0,10.0,0.0,0.0,0.0,1.0,5.0,10.0,0.0,0.0,0.0,1.0,5.0,10.0,0.0,0.0,0.0,0.0
422,72.0,0.0,10.0,0.0,10.0,0.0,0.0,0.0,1.0,5.0,10.0,0.0,0.0,0.0,1.0,5.0,10.0,0.0,0.0,0.0,0.0
423,77.0,0.0,11.0,9.0,0.0,0.0,0.0,0.0,2.0,6.0,11.0,0.0,4.0,9.0,0.0,0.0,0.0,1.0,1.0,1.0,1.0
424,78.0,0.0,10.0,10.0,0.0,0.0,0.0,0.0,1.0,5.0,10.0,1.0,5.0,10.0,0.0,0.0,0.0,0.0,0.0,0.0,0.0
425,62.0,10.0,0.0,10.0,0.0,1.0,5.0,10.0,0.0,0.0,0.0,1.0,5.0,10.0,0.0,0.0,0.0,0.0,0.0,0.0,0.0
426,62.0,10.0,0.0,10.0,0.0,1.0,5.0,10.0,0.0,0.0,0.0,1.0,5.0,10.0,0.0,0.0,0.0,0.0,0.0,0.0,0.0
427,62.0,10.0,0.0,10.0,0.0,1.0,5.0,10.0,0.0,0.0,0.0,1.0,5.0,10.0,0.0,0.0,0.0,0.0,0.0,0.0,0.0
428,62.0,10.0,0.0,10.0,0.0,1.0,5.0,10.0,0.0,0.0,0.0,1.0,5.0,10.0,0.0,0.0,0.0,0.0,0.0,0.0,0.0
429,72.0,10.0,0.0,0.0,10.0,1.0,5.0,10.0,0.0,0.0,0.0,0.0,0.0,0.0,1.0,5.0,10.0,0.0,0.0,0.0,0.0
430,72.0,10.0,0.0,0.0,10.0,1.0,5.0,10.0,0.0,0.0,0.0,0.0,0.0,0.0,1.0,5.0,10.0,0.0,0.0,0.0,0.0
431,77.0,9.0,0.0,11.0,0.0,2.0,6.0,9.0,0.0,0.0,0.0,0.0,4.0,11.0,0.0,0.0,0.0,1.0,1.0,-1.0,1.0
432,78.0,10.0,0.0,10.0,0.0,1.0,5.0,10.0,0.0,0.0,0.0,1.0,5.0,10.0,0.0,0.0,0.0,0.0,0.0,0.0,0.0
433,62.0,0.0,10.0,10.0,0.0,0.0,0.0,0.0,1.0,5.0,10.0,1.0,5.0,10.0,0.0,0.0,0.0,0.0,0.0,0.0,0.0
434,62.0,0.0,10.0,10.0,0.0,0.0,0.0,0.0,1.0,5.0,10.0,1.0,5.0,10.0,0.0,0.0,0.0,0.0,0.0,0.0,0.0
435,62.0,0.0,10.0,10.0,0.0,0.0,0.0,0.0,1.0,5.0,10.0,1.0,5.0,10.0,0.0,0.0,0.0,0.0,0.0,0.0,0.0
436,62.0,0.0,10.0,10.0,0.0,0.0,0.0,0.0,1.0,5.0,10.0,1.0,5.0,10.0,0.0,0.0,0.0,0.0,0.0,0.0,0.0
437,72.0,0.0,10.0,0.0,10.0,0.0,0.0,0.0,1.0,5.0,10.0,0.0,0.0,0.0,1.0,5.0,10.0,0.0,0.0,0.0,0.0
438,72.0,0.0,10.0,0.0,10.0,0.0,0.0,0.0,1.0,5.0,10.0,0.0,0.0,0.0,1.0,5.0,10.0,0.0,0.0,0.0,0.0
439,77.0,0.0,11.0,9.0,0.0,0.0,0.0,0.0,2.0,6.0,11.0,0.0,4.0,9.0,0.0,0.0,0.0,1.0,1.0,1.0,1.0
440,78.0,0.0,10.0,10.0,0.0,0.0,0.0,0.0,1.0,5.0,10.0,1.0,5.0,10.0,0.0,0.0,0.0,0.0,0.0,0.0,0.0
441,62.0,0.0,0.0,20.0,0.0,0.0,0.0,0.0,0.0,0.0,0.0,2.0,10.0,20.0,0.0,0.0,0.0,-1.0,-5.0,-10.0,10.0
442,72.0,0.0,5.0,15.0,0.0,0.0,0.0,0.0,0.0,0.0,5.0,2.0,10.0,15.0,0.0,0.0,0.0,-1.0,-5.0,-5.0,5.0
443,62.0,0.0,0.0,20.0,0.0,0.0,0.0,0.0,0.0,0.0,0.0,2.0,10.0,20.0,0.0,0.0,0.0,-1.0,-5.0,-10.0,10.0
444,72.0,0.0,5.0,15.0,0.0,0.0,0.0,0.0,0.0,0.0,5.0,2.0,10.0,15.0,0.0,0.0,0.0,-1.0,-5.0,-5.0,5.0
445,82.0,0.0,5.0,0.0,15.0,0.0,0.0,0.0,0.0,0.0,5.0,0.0,0.0,0.0,2.0,10.0,15.0,-1.0,-5.0,-5.0,5.0
446,87.0,0.0,9.0,0.0,11.0,0.0,0.0,0.0,0.0,4.0,9.0,0.0,0.0,0.0,2.0,6.0,11.0,-1.0,-1.0,-1.0,1.0
447,94.0,0.0,10.0,10.0,0.0,0.0,0.0,0.0,1.0,5.0,10.0,1.0,5.0,10.0,0.0,0.0,0.0,0.0,0.0,0.0,0.0
448,94.0,0.0,10.0,10.0,0.0,0.0,0.0,0.0,1.0,5.0,10.0,1.0,5.0,10.0,0.0,0.0,0.0,0.0,0.0,0.0,0.0
449,62.0,0.0,10.0,0.0,10.0,0.0,0.0,0.0,1.0,5.0,10.0,0.0,0.0,0.0,1.0,5.0,10.0,0.0,0.0,0.0,0.0
450,62.0,0.0,10.0,0.0,10.0,0.0,0.0,0.0,1.0,5.0,10.0,0.0,0.0,0.0,1.0,5.0,10.0,0.0,0.0,0.0,0.0
451,72.0,0.0,10.0,5.0,5.0,0.0,0.0,0.0,1.0,5.0,10.0,1.0,5.0,5.0,0.0,0.0,5.0,0.0,0.0,0.0,0.0
452,72.0,0.0,10.0,5.0,5.0,0.0,0.0,0.0,1.0,5.0,10.0,1.0,5.0,5.0,0.0,0.0,5.0,0.0,0.0,0.0,0.0
453,62.0,0.0,10.0,0.0,10.0,0.0,0.0,0.0,1.0,5.0,10.0,0.0,0.0,0.0,1.0,5.0,10.0,0.0,0.0,0.0,0.0
454,62.0,0.0,10.0,0.0,10.0,0.0,0.0,0.0,1.0,5.0,10.0,0.0,0.0,0.0,1.0,5.0,10.0,0.0,0.0,0.0,0.0
455,77.0,0.0,11.0,0.0,9.0,0.0,0.0,0.0,2.0,6.0,11.0,0.0,0.0,0.0,0.0,4.0,9.0,1.0,1.0,1.0,1.0
456,78.0,0.0,10.0,0.0,10.0,0.0,0.0,0.0,1.0,5.0,10.0,0.0,0.0,0.0,1.0,5.0,10.0,0.0,0.0,0.0,0.0
457,62.0,10.0,0.0,0.0,10.0,1.0,5.0,10.0,0.0,0.0,0.0,0.0,0.0,0.0,1.0,5.0,10.0,0.0,0.0,0.0,0.0
458,62.0,10.0,0.0,0.0,10.0,1.0,5.0,10.0,0.0,0.0,0.0,0.0,0.0,0.0,1.0,5.0,10.0,0.0,0.0,0.0,0.0
459,72.0,10.0,0.0,5.0,5.0,1.0,5.0,10.0,0.0,0.0,0.0,1.0,5.0,5.0,0.0,0.0,5.0,0.0,0.0,0.0,0.0
460,72.0,10.0,0.0,5.0,5.0,1.0,5.0,10.0,0.0,0.0,0.0,1.0,5.0,5.0,0.0,0.0,5.0,0.0,0.0,0.0,0.0
461,62.0,10.0,0.0,0.0,10.0,1.0,5.0,10.0,0.0,0.0,0.0,0.0,0.0,0.0,1.0,5.0,10.0,0.0,0.0,0.0,0.0
462,62.0,10.0,0.0,0.0,10.0,1.0,5.0,10.0,0.0,0.0,0.0,0.0,0.0,0.0,1.0,5.0,10.0,0.0,0.0,0.0,0.0
463,77.0,9.0,0.0,0.0,11.0,2.0,6.0,9.0,0.0,0.0,0.0,0.0,0.0,0.0,0.0,4.0,11.0,1.0,1.0,-1.0,1.0
464,78.0,10.0,0.0,0.0,10.0,1.0,5.0,10.0,0.0,0.0,0.0,0.0,0.0,0.0,1.0,5.0,10.0,0.0,0.0,0.0,0.0
465,62.0,0.0,10.0,0.0,10.0,0.0,0.0,0.0,1.0,5.0,10.0,0.0,0.0,0.0,1.0,5.0,10.0,0.0,0.0,0.0,0.0
466,62.0,0.0,10.0,0.0,10.0,0.0,0.0,0.0,1.0,5.0,10.0,0.0,0.0,0.0,1.0,5.0,10.0,0.0,0.0,0.0,0.0
467,72.0,0.0,10.0,5.0,5.0,0.0,0.0,0.0,1.0,5.0,10.0,1.0,5.0,5.0,0.0,0.0,5.0,0.0,0.0,0.0,0.0
468,72.0,0.0,10.0,5.0,5.0,0.0,0.0,0.0,1.0,5.0,10.0,1.0,5.0,5.0,0.0,0.0,5.0,0.0,0.0,0.0,0.0
469,62.0,0.0,10.0,0.0,10.0,0.0,0.0,0.0,1.0,5.0,10.0,0.0,0.0,0.0,1.0,5.0,10.0,0.0,0.0,0.0,0.0
470,62.0,0.0,10.0,0.0,10.0,0.0,0.0,0.0,1.0,5.0,10.0,0.0,0.0,0.0,1.0,5.0,10.0,0.0,0.0,0.0,0.0
471,77.0,0.0,11.0,0.0,9.0,0.0,0.0,0.0,2.0,6.0,11.0,0.0,0.0,0.0,0.0,4.0,9.0,1.0,1.0,1.0,1.0
472,78.0,0.0,10.0,0.0,10.0,0.0,0.0,0.0,1.0,5.0,10.0,0.0,0.0,0.0,1.0,5.0,10.0,0.0,0.0,0.0,0.0
473,62.0,0.0,0.0,0.0,20.0,0.0,0.0,0.0,0.0,0.0,0.0,0.0,0.0,0.0,2.0,10.0,20.0,-1.0,-5.0,-10.0,10.0
474,72.0,0.0,5.0,0.0,15.0,0.0,0.0,0.0,0.0,0.0,5.0,0.0,0.0,0.0,2.0,10.0,15.0,-1.0,-5.0,-5.0,5.0
475,82.0,0.0,5.0,10.0,5.0,0.0,0.0,0.0,0.0,0.0,5.0,2.0,10.0,10.0,0.0,0.0,5.0,-1.0,-5.0,-5.0,5.0
476,87.0,0.0,9.0,6.0,5.0,0.0,0.0,0.0,0.0,4.0,9.0,2.0,6.0,6.0,0.0,0.0,5.0,-1.0,-1.0,-1.0,1.0
477,62.0,0.0,0.0,0.0,20.0,0.0,0.0,0.0,0.0,0.0,0.0,0.0,0.0,0.0,2.0,10.0,20.0,-1.0,-5.0,-10.0,10.0
478,72.0,0.0,5.0,0.0,15.0,0.0,0.0,0.0,0.0,0.0,5.0,0.0,0.0,0.0,2.0,10.0,15.0,-1.0,-5.0,-5.0,5.0
479,94.0,0.0,10.0,0.0,10.0,0.0,0.0,0.0,1.0,5.0,10.0,0.0,0.0,0.0,1.0,5.0,10.0,0.0,0.0,0.0,0.0
480,94.0,0.0,10.0,0.0,10.0,0.0,0.0,0.0,1.0,5.0,10.0,0.0,0.0,0.0,1.0,5.0,10.0,0.0,0.0,0.0,0.0
481,72.0,0.0,10.0,0.0,10.0,0.0,0.0,0.0,1.0,5.0,10.0,0.0,0.0,0.0,1.0,5.0,10.0,0.0,0.0,0.0,0.0
482,72.0,0.0,10.0,0.0,10.0,0.0,0.0,0.0,1.0,5.0,10.0,0.0,0.0,0.0,1.0,5.0,10.0,0.0,0.0,0.0,0.0
483,72.0,0.0,10.0,10.0,0.0,0.0,0.0,0.0,1.0,5.0,10.0,1.0,5.0,10.0,0.0,0.0,0.0,0.0,0.0,0.0,0.0
484,72.0,0.0,10.0,10.0,0.0,0.0,0.0,0.0,1.0,5.0,10.0,1.0,5.0,10.0,0.0,0.0,0.0,0.0,0.0,0.0,0.0
485,72.0,0.0,10.0,0.0,10.0,0.0,0.0,0.0,1.0,5.0,10.0,0.0,0.0,0.0,1.0,5.0,10.0,0.0,0.0,0.0,0.0
486,72.0,0.0,10.0,0.0,10.0,0.0,0.0,0.0,1.0,5.0,10.0,0.0,0.0,0.0,1.0,5.0,10.0,0.0,0.0,0.0,0.0
487,82.0,0.0,15.0,0.0,5.0,0.0,0.0,0.0,2.0,10.0,15.0,0.0,0.0,0.0,0.0,0.0,5.0,1.0,5.0,5.0,5.0
488,87.0,0.0,11.0,0.0,9.0,0.0,0.0,0.0,2.0,6.0,11.0,0.0,0.0,0.0,0.0,4.0,9.0,1.0,1.0,1.0,1.0
489,72.0,10.0,0.0,0.0,10.0,1.0,5.0,10.0,0.0,0.0,0.0,0.0,0.0,0.0,1.0,5.0,10.0,0.0,0.0,0.0,0.0
490,72.0,10.0,0.0,0.0,10.0,1.0,5.0,10.0,0.0,0.0,0.0,0.0,0.0,0.0,1.0,5.0,10.0,0.0,0.0,0.0,0.0
491,72.0,10.0,0.0,10.0,0.0,1.0,5.0,10.0,0.0,0.0,0.0,1.0,5.0,10.0,0.0,0.0,0.0,0.0,0.0,0.0,0.0
492,72.0,10.0,0.0,10.0,0.0,1.0,5.0,10.0,0.0,0.0,0.0,1.0,5.0,10.0,0.0,0.0,0.0,0.0,0.0,0.0,0.0
493,72.0,10.0,0.0,0.0,10.0,1.0,5.0,10.0,0.0,0.0,0.0,0.0,0.0,0.0,1.0,5.0,10.0,0.0,0.0,0.0,0.0
494,72.0,10.0,0.0,0.0,10.0,1.0,5.0,10.0,0.0,0.0,0.0,0.0,0.0,0.0,1.0,5.0,10.0,0.0,0.0,0.0,0.0
495,82.0,15.0,0.0,0.0,5.0,2.0,10.0,15.0,0.0,0.0,0.0,0.0,0.0,0.0,0.0,0.0,5.0,1.0,5.0,5.0,5.0
496,87.0,11.0,0.0,0.0,9.0,2.0,6.0,11.0,0.0,0.0,0.0,0.0,0.0,0.0,0.0,4.0,9.0,1.0,1.0,1.0,1.0
497,72.0,0.0,10.0,0.0,10.0,0.0,0.0,0.0,1.0,5.0,10.0,0.0,0.0,0.0,1.0,5.0,10.0,0.0,0.0,0.0,0.0
498,72.0,0.0,10.0,0.0,10.0,0.0,0.0,0.0,1.0,5.0,10.0,0.0,0.0,0.0,1.0,5.0,10.0,0.0,0.0,0.0,0.0
499,72.0,0.0,10.0,10.0,0.0,0.0,0.0,0.0,1.0,5.0,10.0,1.0,5.0,10.0,0.0,0.0,0.0,0.0,0.0,0.0,0.0
500,72.0,0.0,10.0,10.0,0.0,0.0,0.0,0.0,1.0,5.0,10.0,1.0,5.0,10.0,0.0,0.0,0.0,0.0,0.0,0.0,0.0
501,72.0,0.0,10.0,0.0,10.0,0.0,0.0,0.0,1.0,5.0,10.0,0.0,0.0,0.0,1.0,5.0,10.0,0.0,0.0,0.0,0.0
502,72.0,0.0,10.0,0.0,10.0,0.0,0.0,0.0,1.0,5.0,10.0,0.0,0.0,0.0,1.0,5.0,10.0,0.0,0.0,0.0,0.0
503,82.0,0.0,15.0,0.0,5.0,0.0,0.0,0.0,2.0,10.0,15.0,0.0,0.0,0.0,0.0,0.0,5.0,1.0,5.0,5.0,5.0
504,87.0,0.0,11.0,0.0,9.0,0.0,0.0,0.0,2.0,6.0,11.0,0.0,0.0,0.0,0.0,4.0,9.0,1.0,1.0,1.0,1.0
505,82.0,0.0,5.0,0.0,15.0,0.0,0.0,0.0,0.0,0.0,5.0,0.0,0.0,0.0,2.0,10.0,15.0,-1.0,-5.0,-5.0,5.0
506,87.0,0.0,9.0,0.0,11.0,0.0,0.0,0.0,0.0,4.0,9.0,0.0,0.0,0.0,2.0,6.0,11.0,-1.0,-1.0,-1.0,1.0
507,82.0,0.0,5.0,15.0,0.0,0.0,0.0,0.0,0.0,0.0,5.0,2.0,10.0,15.0,0.0,0.0,0.0,-1.0,-5.0,-5.0,5.0
508,87.0,0.0,9.0,11.0,0.0,0.0,0.0,0.0,0.0,4.0,9.0,2.0,6.0,11.0,0.0,0.0,0.0,-1.0,-1.0,-1.0,1.0
509,82.0,0.0,5.0,0.0,15.0,0.0,0.0,0.0,0.0,0.0,5.0,0.0,0.0,0.0,2.0,10.0,15.0,-1.0,-5.0,-5.0,5.0
510,87.0,0.0,9.0,0.0,11.0,0.0,0.0,0.0,0.0,4.0,9.0,0.0,0.0,0.0,2.0,6.0,11.0,-1.0,-1.0,-1.0,1.0
511,104.0,0.0,10.0,0.0,10.0,0.0,0.0,0.0,1.0,5.0,10.0,0.0,0.0,0.0,1.0,5.0,10.0,0.0,0.0,0.0,0.0
512,104.0,0.0,10.0,0.0,10.0,0.0,0.0,0.0,1.0,5.0,10.0,0.0,0.0,0.0,1.0,5.0,10.0,0.0,0.0,0.0,0.0
